ID,WT,ALB,IGG,SEX,CL,Vc,Vp,Q,CL_typical,Cmax,Cmax_ss,Ctrough,AUC,AUC_tau,thalf
1.0000,80.267,33.479,1.2001,F,0.22112,2.5993,3.2188,0.82052,0.24734,102.6,102.6,26.371,5253.0,894.4,19.841
2.0000,90.897,34.924,1.1371,M,0.35519,4.1893,4.4511,1.2194,0.28767,63.350,63.350,15.972,3293.1,558.7,18.259
3.0000,59.663,39.370,1.3603,F,0.20265,2.4926,3.0867,0.85219,0.18327,108.9,108.9,29.454,5709.7,973.9,20.552
4.0000,89.288,35.929,0.87802,M,0.24026,4.2203,4.4840,0.93604,0.25083,73.137,73.137,26.675,4643.1,802.3,26.932
5.0000,70.142,37.802,1.1332,F,0.19849,3.2751,4.0557,0.85586,0.19661,92.192,92.192,32.331,5600.0,968.5,27.520
6.0000,91.177,40.057,0.79937,M,0.14105,3.3289,3.5370,0.63867,0.21851,104.6,104.6,46.909,7431.9,1301.6,35.825
7.0000,127.5,42.552,1.3258,F,0.21749,4.1318,5.1166,1.0027,0.26149,77.155,77.155,30.092,4973.6,865.9,31.535
8.0000,66.663,41.829,1.0019,F,0.20111,2.7178,3.3656,1.0108,0.16369,103.5,103.5,30.849,5697.7,975.9,22.306
9.0000,110.4,29.281,0.75681,M,0.41527,3.5518,3.7738,1.3766,0.33410,67.509,67.509,11.539,2865.0,481.0,13.279
10.000,68.791,40.638,1.4128,F,0.18522,3.1838,3.9426,0.79422,0.19545,96.277,96.277,34.826,5956.5,1032.2,28.680
11.000,51.581,40.427,0.87891,F,0.20353,2.4088,2.9830,1.0360,0.13896,111.4,111.4,29.218,5710.8,972.2,19.520
12.000,73.587,36.264,0.74950,F,0.15899,3.8114,4.7198,0.76540,0.18114,91.276,91.276,41.222,6414.9,1127.8,39.677
13.000,116.8,40.493,1.0905,F,0.15815,3.5657,4.4156,0.74409,0.24328,95.333,95.333,41.521,6560.5,1150.6,37.374
14.000,75.925,41.061,0.81531,M,0.21678,4.1768,4.4378,1.0002,0.19250,76.954,76.954,30.265,5064.8,879.0,29.215
15.000,61.475,47.882,1.0814,M,0.18450,2.8906,3.0713,0.90175,0.16049,102.5,102.5,34.383,6160.7,1058.4,23.676
16.000,62.909,41.693,1.3116,M,0.10928,3.0603,3.2516,0.42920,0.20245,120.8,120.8,59.216,9123.2,1608.0,42.910
17.000,71.490,32.071,1.2319,F,0.22001,2.5537,3.1624,0.77251,0.24416,103.9,103.9,26.286,5284.1,899.3,19.686
18.000,75.307,38.928,0.75625,M,0.22578,3.7215,3.9541,1.0125,0.19712,81.132,81.132,28.295,4995.4,860.4,25.036
19.000,74.954,44.571,0.66522,M,0.14210,3.3442,3.5532,0.77165,0.16234,104.5,104.5,47.082,7390.0,1294.4,35.363
20.000,67.432,46.002,1.1622,M,0.14544,4.0323,4.2843,0.66322,0.18164,91.863,91.863,45.050,6883.0,1213.1,42.068
21.000,61.724,41.485,0.97411,M,0.14473,2.8095,2.9851,0.63174,0.18012,114.6,114.6,45.215,7572.6,1314.7,29.535
22.000,145.2,41.245,0.76769,M,0.23069,4.2742,4.5414,1.0938,0.27444,74.076,74.076,28.346,4795.6,830.7,28.048
23.000,85.331,43.937,0.99510,F,0.15190,3.0602,3.7896,0.80635,0.17924,106.9,106.9,43.613,7033.6,1227.8,33.141
24.000,71.686,41.031,0.83937,M,0.16627,3.1179,3.3128,0.75831,0.18828,102.0,102.0,39.304,6637.4,1150.4,28.454
25.000,65.739,44.878,0.71994,M,0.16752,3.1824,3.3813,0.88968,0.15365,100.7,100.7,39.397,6576.6,1140.6,28.578
26.000,87.753,37.839,1.5886,F,0.40484,3.3867,4.1939,1.5406,0.25420,70.935,70.935,12.290,2932.5,493.1,14.089
27.000,72.382,31.545,1.1016,M,0.28938,3.4807,3.6983,0.90250,0.27691,76.658,76.658,19.639,4033.9,685.1,18.775
28.000,76.515,34.916,0.83233,M,0.21120,3.3280,3.5360,0.81434,0.23142,88.890,88.890,29.683,5371.3,923.3,24.178
29.000,121.5,45.876,0.99637,F,0.27260,4.4261,5.4810,1.5141,0.21094,68.149,68.149,23.843,4094.8,707.6,26.640
30.000,74.393,36.324,1.0541,F,0.13194,2.8363,3.5123,0.56029,0.20668,117.4,117.4,49.438,7957.5,1392.7,35.892
31.000,37.740,39.310,1.5590,F,0.15666,2.2338,2.7663,0.62510,0.14747,127.9,127.9,39.611,7255.2,1246.1,23.924
32.000,61.538,41.377,0.88524,M,0.24731,3.7068,3.9384,1.1157,0.17398,78.495,78.495,25.260,4621.4,792.3,22.757
33.000,52.424,44.149,0.92285,F,0.12960,2.8392,3.5159,0.71120,0.13014,119.0,119.0,51.253,8075.3,1414.9,35.969
34.000,53.349,33.229,1.1033,M,0.23674,2.6709,2.8378,0.77970,0.21909,97.816,97.816,23.458,4956.2,839.5,17.526
35.000,75.552,39.206,0.82690,F,0.11305,3.3061,4.0942,0.56986,0.17570,113.1,113.1,56.629,8459.2,1497.6,48.263
36.000,80.697,39.778,0.99921,M,0.26325,4.2494,4.5149,1.0887,0.22263,70.367,70.367,24.047,4296.0,739.2,24.646
37.000,101.0,38.811,1.2724,F,0.37000,3.5035,4.3385,1.5712,0.24748,71.122,71.122,14.463,3191.0,538.5,15.810
38.000,57.244,41.423,0.82036,M,0.26696,3.1824,3.3813,1.2405,0.16187,83.970,83.970,21.665,4382.3,743.6,18.067
39.000,88.292,35.381,0.81929,F,0.29667,3.4362,4.2553,1.3459,0.21399,77.435,77.435,19.776,3923.9,667.4,19.248
40.000,71.384,33.198,1.6977,F,0.24866,3.2636,4.0415,0.80352,0.26507,84.641,84.641,24.037,4613.4,789.5,22.436
41.000,64.519,46.879,1.0749,M,0.18413,4.0617,4.3156,0.88197,0.16849,83.587,83.587,36.048,5791.6,1011.4,33.373
42.000,68.277,37.993,1.1432,M,0.14764,3.5750,3.7985,0.55308,0.22273,97.739,97.739,44.162,7043.5,1234.6,37.232
43.000,46.479,37.555,1.1017,M,0.099809,2.5770,2.7381,0.37446,0.17733,139.0,139.0,65.105,10234.4,1798.3,39.695
44.000,76.332,37.413,0.81674,F,0.22059,4.0753,5.0466,1.0630,0.18490,77.497,77.497,29.699,4934.4,858.0,30.576
45.000,78.294,34.294,1.2785,M,0.45084,4.7633,5.0610,1.4532,0.28060,53.657,53.657,11.938,2613.5,441.6,16.443
46.000,156.1,38.990,0.86301,M,0.37136,5.0319,5.3464,1.5880,0.31752,55.605,55.605,16.277,3113.1,531.2,20.643
47.000,76.483,45.494,1.1383,F,0.14674,3.6728,4.5482,0.76870,0.17029,96.476,96.476,44.766,6864.9,1209.1,41.208
48.000,80.884,38.946,0.74447,M,0.16778,3.2518,3.4550,0.75722,0.20429,99.024,99.024,39.075,6535.3,1134.5,29.426
49.000,65.824,37.700,1.3131,M,0.16033,3.8302,4.0696,0.56570,0.23144,90.556,90.556,40.482,6506.6,1139.7,36.902
50.000,72.313,35.147,0.66710,M,0.22216,3.5419,3.7633,0.93683,0.20468,84.046,84.046,28.449,5100.2,877.1,24.311
51.000,87.629,35.623,1.0277,M,0.26611,3.4975,3.7161,0.96882,0.26547,78.923,78.923,22.284,4354.8,742.3,20.253
52.000,154.7,42.154,1.3298,M,0.25031,4.1981,4.4605,0.98951,0.34174,72.230,72.230,25.418,4490.8,774.2,25.687
53.000,54.661,39.930,1.2113,F,0.28007,2.5932,3.2112,1.2484,0.16421,95.462,95.462,18.927,4221.2,711.8,15.406
54.000,46.297,33.972,1.0472,F,0.10885,3.2474,4.0214,0.43162,0.16738,114.8,114.8,57.412,8711.8,1541.8,50.078
55.000,72.202,42.981,0.55803,M,0.17401,2.7923,2.9669,0.97081,0.15457,107.3,107.3,36.883,6513.6,1120.3,24.080
56.000,65.170,34.369,0.80639,M,0.27578,2.9633,3.1485,1.0581,0.21159,86.871,86.871,19.853,4270.4,721.8,16.493
57.000,69.670,40.551,1.2041,F,0.13924,3.3670,4.1695,0.63228,0.18595,103.4,103.4,46.824,7303.5,1284.3,40.181
58.000,67.219,41.831,1.3750,M,0.17940,2.9813,3.1677,0.69472,0.21350,101.3,101.3,35.354,6274.1,1081.2,25.490
59.000,95.235,33.719,0.89691,F,0.22093,3.0443,3.7699,0.92085,0.24353,92.786,92.786,27.930,5169.2,886.4,23.040
60.000,69.091,49.547,1.0996,F,0.15232,3.1796,3.9374,0.88483,0.14464,104.5,104.5,43.764,6958.2,1216.6,34.165
61.000,101.3,36.755,0.79549,M,0.24292,3.7484,3.9827,1.0058,0.25422,78.391,78.391,25.790,4685.2,804.5,23.559
62.000,77.647,42.932,0.74329,F,0.15105,3.6187,4.4812,0.87236,0.15585,96.639,96.639,43.936,6760.8,1189.0,39.222
63.000,91.057,36.396,1.0457,F,0.42279,3.6668,4.5408,1.8045,0.23162,66.214,66.214,12.076,2804.6,472.0,14.476
64.000,71.948,44.121,1.0890,F,0.19615,3.8350,4.7491,1.0113,0.16691,84.268,84.268,33.671,5483.7,956.0,32.220
65.000,119.7,40.483,0.99894,F,0.21416,3.4760,4.3044,1.0408,0.23899,86.557,86.557,30.122,5208.9,900.1,26.848
66.000,59.479,41.678,1.1564,M,0.17581,4.0450,4.2978,0.72341,0.18696,84.963,84.963,37.392,5997.9,1049.2,35.142
67.000,71.257,43.302,0.88802,F,0.12843,3.2336,4.0044,0.70044,0.15689,109.9,109.9,51.258,7831.1,1379.7,41.354
68.000,53.897,43.941,1.2290,F,0.11464,2.7292,3.3796,0.56250,0.14794,127.2,127.2,57.282,8916.0,1567.2,39.355
69.000,62.497,41.734,0.68230,F,0.19178,2.2404,2.7744,1.1097,0.13688,119.4,119.4,31.022,6070.5,1032.6,19.124
70.000,89.305,38.940,1.0370,M,0.41055,3.7564,3.9912,1.6371,0.24510,65.140,65.140,12.255,2892.0,486.3,14.005
71.000,71.318,39.614,1.8101,F,0.32316,2.9829,3.6938,1.2296,0.22499,82.841,82.841,16.260,3657.3,616.8,15.546
72.000,83.991,41.292,0.97187,F,0.31387,2.7457,3.4002,1.5738,0.18800,88.679,88.679,16.441,3777.6,635.8,14.441
73.000,78.419,30.722,1.3619,F,0.28571,3.2287,3.9983,0.92330,0.28015,81.366,81.366,19.924,4077.1,693.1,19.318
74.000,114.8,36.583,0.82801,M,0.24625,4.8143,5.1152,0.99957,0.27916,66.939,66.939,26.465,4442.3,771.5,29.888
75.000,82.094,36.709,0.63760,M,0.19858,3.3809,3.5922,0.89180,0.20710,90.456,90.456,32.381,5651.1,974.9,25.858
76.000,88.718,34.541,0.97894,M,0.36544,3.3098,3.5167,1.3112,0.27133,73.676,73.676,13.629,3249.6,546.3,13.972
77.000,68.693,39.891,0.92865,M,0.20908,2.8769,3.0567,0.89125,0.19644,97.816,97.816,29.051,5520.4,942.7,20.968
78.000,85.929,33.160,1.2579,F,0.30284,3.7793,4.6801,1.0931,0.26470,71.996,71.996,19.609,3812.0,650.8,21.114
79.000,92.124,36.084,1.2261,M,0.27850,4.4479,4.7258,0.96236,0.28806,66.691,66.691,22.409,4062.9,698.9,24.711
80.000,76.794,42.771,0.89049,M,0.22831,2.9546,3.1392,1.0644,0.19181,93.188,93.188,26.161,5088.3,866.4,19.610
81.000,75.039,43.776,1.1568,M,0.21504,3.3794,3.5907,0.93202,0.20353,87.638,87.638,29.338,5280.5,907.4,23.921
82.000,107.7,35.956,1.0428,F,0.32701,4.3657,5.4063,1.3793,0.25873,63.986,63.986,18.723,3506.4,600.3,22.303
83.000,55.461,38.008,0.63099,M,0.16052,2.8229,2.9993,0.75087,0.15782,109.8,109.8,40.383,6955.3,1201.7,26.643
84.000,124.4,39.553,1.1000,M,0.18716,4.4444,4.7222,0.74226,0.29956,78.188,78.188,35.014,5587.3,978.6,36.362
85.000,77.965,34.364,0.93603,M,0.26010,4.9697,5.2804,0.94383,0.24864,64.063,64.063,24.794,4221.7,732.4,29.449
86.000,82.087,36.592,1.1646,F,0.19814,3.5012,4.3357,0.81704,0.22554,88.360,88.360,32.563,5537.3,960.8,29.570
87.000,58.120,46.700,0.63904,M,0.20004,3.9977,4.2476,1.1585,0.13103,81.962,81.962,33.318,5454.7,948.3,29.936
88.000,96.968,31.898,1.3128,M,0.34361,5.4965,5.8400,1.0157,0.34708,53.777,53.777,17.942,3288.8,565.8,25.093
89.000,78.252,35.191,0.87131,M,0.37505,4.3161,4.5858,1.4335,0.23656,61.045,61.045,15.058,3125.7,529.7,17.668
90.000,87.167,43.874,1.7463,M,0.41798,3.7604,3.9955,1.5573,0.25861,64.729,64.729,11.886,2842.1,477.7,13.839
91.000,52.818,35.746,0.95120,M,0.14186,3.3766,3.5876,0.53354,0.19072,102.8,102.8,46.000,7364.2,1289.9,36.587
92.000,159.3,42.681,1.2497,M,0.29451,5.0515,5.3673,1.2073,0.33524,60.605,60.605,21.744,3803.9,656.5,26.204
93.000,98.664,45.969,1.0597,M,0.26848,3.5823,3.8061,1.2662,0.21976,77.748,77.748,22.500,4314.3,735.6,20.205
94.000,52.979,39.743,0.54266,M,0.11144,3.6322,3.8592,0.57816,0.13850,108.7,108.7,57.822,8506.3,1507.8,49.095
95.000,85.412,36.804,0.75426,F,0.23330,3.0339,3.7570,1.1382,0.19515,91.406,91.406,26.255,4933.2,843.5,21.505
96.000,64.983,36.375,1.0869,M,0.15169,3.1622,3.3598,0.55295,0.22233,104.2,104.2,42.830,7109.5,1238.2,32.119
97.000,100.7,38.136,1.7959,M,0.17462,4.5750,4.8609,0.55495,0.33004,78.176,78.176,36.633,5817.8,1022.4,40.826
98.000,60.219,43.278,0.73987,M,0.14511,3.3584,3.5683,0.73402,0.15319,103.2,103.2,45.925,7265.3,1271.5,34.909
99.000,91.810,40.841,0.86045,M,0.12813,5.0868,5.4048,0.57614,0.22092,82.648,82.648,47.354,6833.2,1216.8,60.292
100.0,43.309,46.927,0.78258,F,0.11824,2.7254,3.3750,0.73612,0.10250,126.7,126.7,56.507,8736.4,1534.1,37.589
101.0,80.992,37.992,0.97744,M,0.49148,4.4478,4.7258,1.9519,0.23233,54.833,54.833,10.168,2416.8,406.2,13.856
102.0,78.740,37.610,1.1219,F,0.14393,3.9866,4.9368,0.61957,0.21081,91.478,91.478,44.340,6765.6,1195.1,46.203
103.0,36.226,39.397,0.84809,F,0.10842,2.2901,2.8359,0.54418,0.11445,145.2,145.2,60.929,9738.4,1703.5,34.867
104.0,126.9,41.889,1.2493,M,0.42721,4.8630,5.1670,1.7171,0.29904,54.002,54.002,13.189,2746.7,465.3,17.415
105.0,89.690,33.956,1.6073,F,0.35297,3.4042,4.2156,1.1923,0.29007,73.472,73.472,15.118,3339.0,564.1,16.416
106.0,73.974,36.438,1.1501,M,0.18553,4.0826,4.3377,0.66340,0.24462,82.354,82.354,35.035,5740.4,1002.1,33.956
107.0,113.1,36.224,0.85891,F,0.26685,3.6753,4.5513,1.2196,0.24579,76.960,76.960,23.250,4281.9,734.1,22.876
108.0,59.961,36.980,0.85721,M,0.30884,3.5224,3.7426,1.2518,0.19071,74.610,74.610,18.266,3798.9,643.6,17.438
109.0,132.0,32.078,0.68708,F,0.42012,4.0048,4.9593,1.8344,0.28180,62.356,62.356,12.797,2809.5,474.3,15.884
110.0,49.043,42.574,1.2364,F,0.19608,2.6421,3.2718,0.92834,0.14503,106.3,106.3,31.516,5844.4,1000.9,22.327
111.0,70.032,40.852,0.66548,F,0.18635,2.4519,3.0363,1.0640,0.14833,113.8,113.8,33.230,6171.7,1055.6,21.555
112.0,69.301,39.288,0.76576,M,0.18374,3.4330,3.6476,0.82820,0.18675,92.437,92.437,35.524,6009.8,1041.4,28.370
113.0,95.339,34.507,1.1245,F,0.26333,3.4267,4.2435,1.0338,0.25873,80.686,80.686,22.974,4365.8,746.7,21.861
114.0,94.983,39.496,0.92889,F,0.21495,3.7085,4.5924,1.0457,0.20834,83.014,83.014,30.280,5133.3,889.7,28.536
115.0,83.276,38.452,0.91595,M,0.19617,3.4375,3.6524,0.80843,0.22759,89.823,89.823,32.778,5690.8,983.1,26.762
116.0,118.4,35.615,0.94866,M,0.19360,4.4252,4.7017,0.72604,0.30769,77.229,77.229,33.716,5452.1,953.4,35.141
117.0,55.555,40.808,0.79517,M,0.19071,2.3044,2.4484,0.88242,0.15971,116.5,116.5,30.491,6127.9,1040.3,18.318
118.0,57.853,42.501,0.89999,F,0.10877,3.1955,3.9571,0.57870,0.14225,117.4,117.4,59.041,8779.8,1554.8,48.322
119.0,91.673,40.632,1.5398,M,0.25164,4.0515,4.3047,0.90582,0.27573,73.513,73.513,24.916,4492.3,773.0,24.830
120.0,68.765,51.435,1.3875,M,0.18152,3.6863,3.9167,0.87213,0.17440,89.124,89.124,36.411,5985.4,1041.3,30.719
121.0,66.971,42.545,1.3174,M,0.29015,3.1013,3.2951,1.1623,0.20594,82.889,82.889,18.859,4060.8,686.2,16.356
122.0,45.339,38.697,1.1649,M,0.21785,2.9015,3.0828,0.82631,0.17285,95.660,95.660,27.409,5313.4,906.2,20.460
123.0,57.618,40.641,0.71326,F,0.12688,2.6366,3.2651,0.70210,0.13644,125.6,125.6,52.385,8360.2,1461.5,34.103
124.0,112.0,30.344,1.2588,M,0.57842,4.2349,4.4995,1.6472,0.39216,54.340,54.340,7.3890,2064.8,345.6,11.527
125.0,77.828,43.372,1.2362,M,0.14774,3.3368,3.5454,0.61855,0.21527,102.3,102.3,44.550,7171.3,1253.5,34.458
126.0,59.729,42.404,0.77600,F,0.12037,2.5124,3.1112,0.67517,0.13749,132.1,132.1,55.266,8803.5,1539.3,34.227
127.0,55.448,38.599,0.71535,M,0.080030,2.9410,3.1248,0.36313,0.16268,139.3,139.3,77.555,11300.2,2008.8,55.776
128.0,66.736,43.128,0.76389,F,0.14243,2.6212,3.2460,0.81815,0.14332,120.8,120.8,46.467,7656.1,1331.0,30.139
129.0,69.322,33.576,1.2079,F,0.16485,3.2653,4.0436,0.61212,0.22673,98.489,98.489,39.095,6490.5,1131.8,33.431
130.0,56.649,36.763,0.99616,M,0.30801,2.8139,2.9898,1.1730,0.19628,86.905,86.905,16.292,3854.6,648.1,14.030
131.0,59.047,43.406,1.2869,F,0.13226,2.8064,3.4753,0.62971,0.16089,118.5,118.5,49.761,7971.0,1394.5,35.145
132.0,76.384,39.694,1.1967,F,0.14373,3.4623,4.2875,0.63955,0.20033,100.4,100.4,45.301,7082.2,1245.2,40.084
133.0,98.186,43.203,1.3399,F,0.24470,2.8401,3.5170,1.1419,0.22146,93.781,93.781,24.028,4756.9,809.2,19.250
134.0,105.3,38.284,1.2152,F,0.23574,3.4526,4.2755,1.0037,0.25288,83.672,83.672,26.601,4805.1,826.3,24.449
135.0,79.481,34.989,1.0292,M,0.19464,3.0485,3.2390,0.69490,0.25560,96.653,96.653,31.997,5830.6,1002.0,24.170
136.0,49.889,41.073,0.85965,F,0.12319,2.4730,3.0624,0.64299,0.13289,132.0,132.0,53.715,8679.2,1514.8,33.057
137.0,67.760,39.156,1.0479,M,0.23039,3.1239,3.3192,0.92049,0.20791,89.507,89.507,26.148,5016.1,856.1,20.752
138.0,110.8,47.267,1.3855,M,0.36297,3.5266,3.7470,1.5954,0.25242,70.704,70.704,14.398,3263.3,549.6,14.776
139.0,83.867,51.210,0.61378,M,0.22909,3.6398,3.8673,1.4851,0.14528,82.162,82.162,28.111,4957.3,852.1,23.680
140.0,69.122,49.869,1.0848,M,0.20657,3.8563,4.0974,1.0528,0.16490,82.470,82.470,31.812,5350.1,927.1,28.146
141.0,63.926,41.249,0.72847,M,0.18254,3.3934,3.6055,0.88268,0.16599,93.466,93.466,35.878,6057.4,1049.4,28.109
142.0,72.718,38.813,1.4897,M,0.23601,2.4889,2.6444,0.81932,0.24944,102.7,102.7,22.876,4994.2,843.7,16.311
143.0,90.375,34.124,1.0477,F,0.24862,3.5808,4.4343,0.99038,0.24708,80.079,80.079,25.014,4565.1,784.5,24.167
144.0,64.737,38.227,1.2300,F,0.18514,2.2511,2.7877,0.78351,0.19108,120.1,120.1,32.126,6257.1,1066.7,20.307
145.0,89.903,37.649,0.93364,F,0.26735,4.2000,5.2010,1.2338,0.21261,70.695,70.695,23.916,4193.9,723.6,26.075
146.0,48.344,46.595,0.79471,M,0.22412,2.7507,2.9227,1.1938,0.12783,98.272,98.272,26.253,5209.9,884.9,18.462
147.0,61.778,43.729,1.0064,M,0.16779,3.2779,3.4828,0.76514,0.17251,98.570,98.570,39.130,6525.0,1133.1,29.642
148.0,122.3,41.041,0.89961,F,0.30427,4.8735,6.0351,1.5601,0.22943,61.490,61.490,21.219,3675.5,634.7,26.404
149.0,64.994,34.963,1.0891,F,0.15354,2.8708,3.5551,0.61854,0.20119,110.0,110.0,42.151,7062.8,1228.6,31.346
150.0,92.475,37.347,0.95476,M,0.43984,3.8443,4.0845,1.7305,0.25357,62.795,62.795,11.117,2703.9,454.1,13.391
151.0,99.200,38.916,0.81717,F,0.25739,3.3311,4.1250,1.2930,0.20698,83.137,83.137,23.798,4474.6,764.8,21.362
152.0,93.135,39.482,1.1819,M,0.23952,3.2592,3.4628,0.92304,0.25996,85.859,85.859,25.129,4822.4,823.2,20.879
153.0,60.620,38.681,1.0760,F,0.12184,2.8444,3.5223,0.54881,0.17271,120.9,120.9,53.616,8431.3,1480.6,38.814
154.0,61.445,41.724,1.1124,F,0.29755,2.9375,3.6376,1.4344,0.16267,85.986,85.986,18.460,3959.7,669.2,16.338
155.0,66.611,37.962,1.3852,M,0.28112,3.5768,3.8004,0.97947,0.23602,76.222,76.222,20.799,4134.3,703.7,19.674
156.0,70.474,39.665,0.77850,F,0.11385,2.9455,3.6476,0.59424,0.16287,121.7,121.7,57.472,8757.0,1544.2,42.605
157.0,110.1,38.338,1.2075,F,0.32355,4.0595,5.0270,1.3829,0.25870,67.333,67.333,18.586,3569.1,609.3,20.939
158.0,169.3,42.448,0.99795,F,0.16427,5.8645,7.2622,0.83978,0.27866,68.129,68.129,37.146,5384.7,958.4,58.864
159.0,96.676,44.517,1.2480,M,0.28943,3.7245,3.9573,1.2413,0.23878,73.705,73.705,20.516,4014.7,683.5,19.601
160.0,91.415,39.256,0.85280,F,0.18587,2.9649,3.6716,0.92750,0.19858,100.9,100.9,34.657,6019.9,1039.4,26.341
161.0,54.141,33.107,1.0691,M,0.25327,2.9560,3.1408,0.84072,0.21926,89.416,89.416,22.258,4621.3,783.8,18.119
162.0,68.240,37.444,1.0922,F,0.12350,3.5621,4.4111,0.53448,0.19274,103.8,103.8,51.332,7775.2,1375.2,48.092
163.0,80.229,45.200,0.89049,F,0.21117,3.5284,4.3693,1.2040,0.16093,86.461,86.461,30.962,5260.4,910.3,27.375
164.0,122.1,36.985,0.88451,F,0.23655,2.9624,3.6684,1.0931,0.25427,92.305,92.305,25.517,4884.4,833.7,20.785
165.0,113.9,45.947,1.1147,M,0.19178,4.8796,5.1846,0.88714,0.24380,73.501,73.501,34.452,5355.9,940.9,38.573
166.0,81.013,52.654,1.2354,M,0.11694,4.3377,4.6089,0.60148,0.17942,95.209,95.209,53.402,7706.6,1370.9,55.898
167.0,100.7,38.670,1.3394,F,0.17838,3.3521,4.1510,0.74026,0.25284,94.439,94.439,36.379,6074.1,1056.9,31.432
168.0,66.660,45.280,0.99842,M,0.12415,2.6499,2.8155,0.58915,0.17336,126.4,126.4,53.370,8655.7,1509.3,32.310
169.0,116.2,38.290,0.90423,M,0.25339,5.9545,6.3266,1.0446,0.27690,58.197,58.197,25.942,4139.2,724.7,35.887
170.0,121.7,38.014,1.4076,M,0.32043,5.3535,5.6881,1.1114,0.33817,56.381,56.381,19.661,3507.3,604.6,25.843
171.0,63.710,27.500,1.2071,M,0.33371,2.7163,2.8861,0.86968,0.30738,86.987,86.987,13.744,3568.9,598.7,12.933
172.0,99.670,31.876,0.74185,F,0.31402,4.1189,5.1006,1.3236,0.24737,67.395,67.395,19.397,3659.0,626.0,21.913
173.0,109.9,37.298,0.75324,M,0.25071,3.9785,4.2271,1.0761,0.25728,74.712,74.712,25.207,4522.8,777.6,24.170
174.0,50.899,34.502,0.52404,M,0.14537,2.7694,2.9425,0.65774,0.15512,115.5,115.5,45.019,7568.3,1312.7,28.920
175.0,147.4,38.363,0.97188,M,0.27144,4.9097,5.2165,1.0915,0.32652,63.642,63.642,23.768,4089.5,707.6,27.670
176.0,95.135,40.844,0.98659,F,0.23730,3.3344,4.1291,1.1696,0.20582,85.548,85.548,26.394,4804.6,824.5,23.222
177.0,85.569,38.338,1.1007,M,0.23508,3.6383,3.8657,0.90180,0.24844,80.740,80.740,26.546,4837.6,830.8,23.755
178.0,87.083,34.416,0.77694,F,0.14005,2.7705,3.4308,0.62934,0.21429,116.7,116.7,46.742,7653.0,1334.7,32.896
179.0,57.767,52.931,1.1743,F,0.13781,2.2793,2.8226,0.83782,0.12438,133.5,133.5,47.519,8077.7,1397.0,27.005
180.0,85.570,42.143,1.0050,M,0.19886,3.2356,3.4379,0.87244,0.21724,92.805,92.805,31.998,5682.1,978.1,24.748
181.0,59.746,42.836,1.2111,M,0.16180,3.3988,3.6112,0.67369,0.18525,97.609,97.609,40.568,6659.9,1160.4,32.058
182.0,92.010,35.390,1.1520,M,0.38324,4.6627,4.9541,1.3278,0.28708,57.545,57.545,14.996,3044.5,517.2,18.821
183.0,116.9,40.017,1.0179,M,0.28131,4.2423,4.5074,1.1627,0.27712,68.653,68.653,22.138,4058.1,696.0,23.027
184.0,79.911,33.460,0.78388,F,0.21971,3.7608,4.6572,0.95512,0.21058,81.405,81.405,29.373,5025.9,870.7,28.531
185.0,60.449,39.499,0.83198,F,0.098149,2.3503,2.9105,0.49754,0.15321,148.2,148.2,67.034,10398.3,1828.2,39.504
186.0,99.274,43.342,0.72364,F,0.12490,3.4016,4.2124,0.73594,0.17654,107.8,107.8,52.456,7854.6,1387.9,44.541
187.0,69.438,40.092,1.5140,F,0.22078,3.0957,3.8336,0.90945,0.20458,91.798,91.798,28.052,5160.6,885.6,23.467
188.0,74.548,33.283,0.88261,M,0.17062,2.5519,2.7114,0.61178,0.24507,113.5,113.5,36.101,6692.8,1147.6,23.074
189.0,71.590,42.753,1.0970,M,0.14228,4.1011,4.3574,0.61339,0.19902,91.464,91.464,45.645,6946.7,1225.9,43.891
190.0,83.584,48.357,1.6038,F,0.23949,3.8362,4.7505,1.1777,0.19114,78.060,78.060,26.894,4668.6,806.2,26.475
191.0,75.331,34.065,0.81152,M,0.21103,3.5880,3.8122,0.80022,0.23317,84.882,84.882,30.143,5313.7,916.7,26.119
192.0,96.511,41.453,0.67852,M,0.25463,4.1136,4.3707,1.2710,0.20497,72.949,72.949,25.118,4444.9,764.8,24.384
193.0,113.6,43.028,1.3786,M,0.35420,4.0790,4.3340,1.4118,0.28250,64.635,64.635,15.982,3310.0,561.0,17.628
194.0,70.588,41.267,1.0845,M,0.24374,3.4542,3.6701,1.0165,0.20404,82.351,82.351,25.120,4719.3,807.0,21.626
195.0,84.467,39.727,1.2214,M,0.23074,4.1352,4.3936,0.88415,0.24683,75.200,75.200,27.831,4817.4,833.2,27.510
196.0,69.874,39.552,0.90543,F,0.15325,2.4844,3.0765,0.75381,0.17196,121.1,121.1,42.114,7281.0,1258.1,26.794
197.0,92.433,35.717,0.80280,F,0.26105,4.4449,5.5043,1.2053,0.21601,68.839,68.839,24.806,4235.8,733.7,28.260
198.0,117.3,34.977,0.73105,M,0.16979,4.3285,4.5991,0.68842,0.28308,82.561,82.561,38.541,6041.3,1061.2,38.977
199.0,62.968,32.401,1.0519,M,0.20952,2.6539,2.8198,0.68392,0.24372,102.5,102.5,27.745,5547.7,944.2,19.692
200.0,73.415,43.491,1.2007,M,0.25303,4.9474,5.2566,1.0740,0.20515,65.218,65.218,25.834,4324.4,751.0,29.803
201.0,98.193,41.667,1.0896,M,0.27308,3.7475,3.9817,1.1486,0.24573,75.002,75.002,22.207,4227.5,721.8,20.929
202.0,99.042,33.962,1.1489,M,0.26079,4.4630,4.7420,0.86581,0.31289,68.179,68.179,24.181,4291.7,740.7,26.567
203.0,74.804,40.824,0.80846,M,0.20673,4.1307,4.3889,0.95104,0.19140,78.942,78.942,31.845,5272.0,916.5,30.302
204.0,96.423,42.127,0.83511,F,0.24133,4.0088,4.9642,1.3080,0.18866,75.865,75.865,26.997,4606.7,796.9,27.294
205.0,85.550,35.897,0.88429,M,0.14678,3.5343,3.7552,0.56981,0.24547,98.777,98.777,44.555,7097.2,1243.8,36.927
206.0,67.787,40.623,0.55571,M,0.11279,2.6875,2.8555,0.59363,0.15786,130.6,130.6,59.206,9279.1,1626.0,35.864
207.0,82.873,35.045,0.92328,F,0.24614,2.8981,3.5889,1.0572,0.21774,92.272,92.272,23.912,4721.4,803.7,19.643
208.0,71.489,33.909,1.6038,F,0.14800,2.6107,3.2330,0.49964,0.25395,117.7,117.7,42.848,7404.2,1284.5,30.027
209.0,72.971,40.399,0.73411,F,0.20418,3.7126,4.5975,1.1107,0.15952,84.787,84.787,32.280,5352.4,930.0,29.870
210.0,123.0,39.783,0.67232,F,0.15784,3.2446,4.0179,0.87291,0.21336,101.7,101.7,42.101,6738.2,1177.3,33.736
211.0,81.166,44.172,0.67878,M,0.20146,2.8119,2.9876,1.0755,0.17306,100.9,100.9,30.597,5725.0,978.1,20.992
212.0,76.535,40.103,1.3706,F,0.15286,3.0639,3.7941,0.65365,0.20870,105.9,105.9,42.681,6988.0,1219.4,33.451
213.0,68.370,36.885,0.75027,M,0.27272,3.7790,4.0152,1.1585,0.19658,74.659,74.659,22.318,4228.9,722.4,21.120
214.0,96.523,41.019,1.5913,M,0.39674,4.1430,4.4020,1.4249,0.28487,61.520,61.520,13.567,2972.9,502.1,16.108
215.0,95.768,27.951,1.0226,M,0.37393,3.8878,4.1307,1.0547,0.36106,65.301,65.301,14.164,3152.5,532.5,16.384
216.0,78.558,40.130,1.2340,M,0.18419,3.5824,3.8063,0.71066,0.23489,89.650,89.650,35.237,5943.1,1031.8,29.840
217.0,99.592,39.254,1.4329,F,0.33693,3.7277,4.6162,1.3853,0.25347,70.217,70.217,17.018,3467.2,588.7,18.518
218.0,93.250,41.056,0.80785,M,0.19551,4.2191,4.4828,0.90511,0.21656,79.702,79.702,33.853,5481.6,956.3,32.714
219.0,59.388,48.737,0.96264,M,0.14609,2.5239,2.6816,0.75978,0.14778,122.2,122.2,44.475,7669.0,1323.9,26.020
220.0,68.878,44.223,0.88967,M,0.17892,3.7425,3.9764,0.86450,0.17358,88.839,88.839,37.030,6033.8,1051.2,31.630
221.0,65.946,37.146,1.3539,M,0.18819,3.2165,3.4175,0.64624,0.23806,94.642,94.642,33.590,5949.9,1026.8,26.459
222.0,86.588,44.398,1.1052,M,0.15117,3.5797,3.8034,0.67647,0.21447,97.342,97.342,43.733,6928.0,1213.5,35.972
223.0,68.252,38.952,1.4383,M,0.23439,3.0166,3.2051,0.82757,0.23627,90.769,90.769,25.067,4953.4,843.6,19.879
224.0,84.933,36.673,1.0046,M,0.12800,4.3683,4.6414,0.48469,0.25059,90.792,90.792,48.706,7269.3,1288.8,52.431
225.0,72.496,43.797,1.0117,M,0.14855,3.6781,3.9079,0.67719,0.18962,96.448,96.448,44.497,6966.9,1222.6,37.569
226.0,64.399,38.082,2.0731,M,0.19376,3.0268,3.2159,0.58277,0.26802,96.839,96.839,31.703,5853.0,1005.9,24.465
227.0,122.2,40.546,1.9541,F,0.37469,4.2736,5.2922,1.4201,0.31017,61.808,61.808,15.412,3108.8,528.6,19.216
228.0,90.533,41.938,1.3195,M,0.31367,3.6398,3.8672,1.2368,0.24987,72.619,72.619,18.097,3735.5,633.3,17.776
229.0,89.078,32.573,1.1669,M,0.19915,3.4532,3.6690,0.62891,0.30903,88.433,88.433,31.604,5605.8,968.1,27.035
230.0,89.138,37.884,0.73410,F,0.19276,3.4038,4.2151,0.97953,0.19212,91.327,91.327,33.950,5700.3,989.0,29.126
231.0,69.432,36.771,1.2419,F,0.10686,3.3641,4.1659,0.43242,0.20824,112.9,112.9,57.907,8699.8,1542.1,52.760
232.0,59.954,37.724,1.6133,M,0.33769,3.7006,3.9319,1.1041,0.23638,69.909,69.909,16.227,3481.4,589.0,17.034
233.0,81.374,33.257,1.1270,F,0.27042,2.9388,3.6393,1.0201,0.24529,88.458,88.458,20.948,4324.7,733.8,18.317
234.0,67.113,39.417,0.73140,F,0.12855,3.4355,4.2543,0.68225,0.15564,105.6,105.6,50.743,7675.2,1355.0,43.963
235.0,64.022,37.163,0.94420,F,0.16343,3.2101,3.9752,0.74082,0.17723,100.5,100.5,40.068,6569.1,1145.3,32.642
236.0,66.056,37.575,1.1623,M,0.18888,3.6884,3.9189,0.69499,0.22239,87.093,87.093,34.255,5789.2,1005.3,30.066
237.0,71.864,37.410,0.97962,M,0.15775,4.3931,4.6677,0.61582,0.22029,83.987,83.987,41.029,6331.0,1115.6,42.691
238.0,73.760,39.297,0.81593,M,0.28336,4.0774,4.3322,1.2476,0.19833,70.227,70.227,21.768,4053.2,693.6,21.881
239.0,57.100,34.342,0.73915,F,0.23146,2.9157,3.6107,1.0573,0.16441,93.962,93.962,26.111,4988.4,851.7,20.923
240.0,70.625,39.969,1.2614,F,0.15445,3.3375,4.1329,0.67883,0.19366,100.1,100.1,42.347,6790.5,1188.8,35.990
241.0,71.141,36.550,0.67525,M,0.20850,3.2422,3.4448,0.91234,0.19536,90.988,90.988,30.197,5454.3,936.8,23.655
242.0,87.214,35.434,0.84064,M,0.17022,3.4333,3.6479,0.66421,0.24700,94.920,94.920,38.283,6383.7,1110.2,30.921
243.0,70.143,40.787,1.0857,F,0.11043,4.0329,4.9941,0.52441,0.17851,99.489,99.489,54.564,7931.9,1412.0,60.501
244.0,99.887,44.202,0.88281,F,0.14143,3.3617,4.1629,0.79004,0.18689,103.6,103.6,46.853,7236.1,1272.1,38.987
245.0,65.430,40.308,0.80891,M,0.18031,2.9353,3.1187,0.81824,0.17932,102.4,102.4,35.358,6267.1,1078.8,24.707
246.0,101.3,39.909,1.2320,M,0.23578,4.1683,4.4288,0.90495,0.27428,74.208,74.208,27.181,4725.6,816.8,27.134
247.0,92.244,34.330,1.3232,M,0.33494,3.6946,3.9255,1.0671,0.31269,70.152,70.152,16.383,3508.1,593.7,17.185
248.0,83.704,41.994,1.0213,M,0.20232,4.4409,4.7185,0.87897,0.21654,76.100,76.100,32.598,5274.1,920.8,33.407
249.0,100.6,44.887,1.9199,F,0.22446,3.9930,4.9448,0.95385,0.24670,77.733,77.733,28.830,4882.6,847.4,29.702
250.0,77.753,32.214,0.71572,M,0.26297,3.9674,4.2153,0.98490,0.24051,73.288,73.288,23.543,4338.6,744.2,23.197
251.0,39.154,30.574,0.93743,M,0.21876,2.2391,2.3791,0.70095,0.18768,113.0,113.0,24.215,5395.9,910.8,15.938
252.0,37.457,39.820,1.1309,M,0.13155,3.0526,3.2434,0.52006,0.14820,112.8,112.8,49.820,7996.4,1399.3,35.540
253.0,55.529,42.099,0.90482,F,0.088285,3.0965,3.8345,0.46407,0.14055,128.4,128.4,69.623,10094.8,1796.2,57.732
254.0,58.643,30.736,0.85143,F,0.17180,3.3309,4.1248,0.66182,0.19803,95.917,95.917,37.606,6260.2,1090.7,32.622
255.0,65.834,43.379,1.0960,M,0.18433,3.5915,3.8159,0.80730,0.18647,89.784,89.784,35.522,5941.4,1031.7,29.639
256.0,62.016,37.080,1.1595,M,0.18335,3.6799,3.9099,0.66584,0.21711,88.197,88.197,35.335,5929.7,1031.0,30.932
257.0,72.086,40.308,0.94174,F,0.17952,2.6678,3.3036,0.88778,0.17420,109.2,109.2,35.365,6301.9,1084.3,24.554
258.0,46.907,34.530,0.84870,M,0.24226,3.1408,3.3371,0.91647,0.17681,87.500,87.500,24.416,4790.7,816.0,19.920
259.0,58.268,38.239,0.71251,F,0.15758,3.0574,3.7861,0.81778,0.14645,105.4,105.4,41.913,6837.8,1191.6,31.960
260.0,58.499,35.119,0.97916,M,0.15101,3.0031,3.1908,0.55139,0.20863,107.7,107.7,42.890,7213.8,1253.7,30.637
261.0,97.083,39.341,1.6253,M,0.27457,4.5609,4.8459,0.93602,0.30114,66.003,66.003,22.890,4096.5,706.0,25.730
262.0,75.917,41.125,1.3093,F,0.22063,3.1457,3.8955,0.98566,0.19881,91.021,91.021,28.332,5154.8,885.3,23.719
263.0,105.0,40.434,0.76382,M,0.30439,4.2890,4.5571,1.4158,0.23116,66.278,66.278,20.190,3783.2,646.7,21.354
264.0,53.717,44.054,1.0304,F,0.22842,3.0716,3.8036,1.2003,0.13787,91.466,91.466,27.183,5020.5,859.7,22.135
265.0,75.404,35.837,1.9467,M,0.29220,3.0757,3.2679,0.84360,0.30642,82.892,82.892,18.262,4031.7,681.3,16.549
266.0,73.933,37.412,1.1317,F,0.22143,3.3241,4.1163,0.94481,0.20494,87.699,87.699,28.475,5097.2,877.6,25.056
267.0,94.791,43.358,1.3969,F,0.14489,4.5395,5.6215,0.66828,0.21948,84.005,84.005,43.237,6431.5,1140.5,52.004
268.0,78.376,40.146,1.0274,F,0.16683,3.9229,4.8579,0.79528,0.18985,88.033,88.033,39.310,6147.3,1079.9,38.944
269.0,69.554,33.616,1.0502,F,0.19383,3.7761,4.6761,0.75926,0.21535,84.804,84.804,33.386,5543.3,966.0,32.733
270.0,60.074,40.035,1.1046,M,0.17086,3.9384,4.1845,0.68530,0.19293,87.255,87.255,38.402,6167.7,1079.0,35.268
271.0,80.751,44.790,0.83181,M,0.17087,3.3961,3.6083,0.85809,0.18341,96.003,96.003,38.705,6388.5,1110.3,29.989
272.0,75.922,34.871,0.92326,M,0.17955,3.7827,4.0191,0.66515,0.23977,87.494,87.494,36.249,5992.8,1044.2,32.420
273.0,112.1,37.058,0.90308,M,0.37785,5.4832,5.8259,1.5053,0.28042,52.309,52.309,16.275,3035.2,519.7,22.214
274.0,47.361,37.672,0.68577,F,0.096962,2.2380,2.7715,0.50240,0.12983,153.7,153.7,68.119,10638.2,1867.8,38.026
275.0,52.056,44.734,0.89275,M,0.17527,3.0138,3.2021,0.85613,0.14560,102.0,102.0,36.922,6395.1,1103.7,25.986
276.0,75.185,38.581,1.4483,F,0.19757,2.9332,3.6323,0.79441,0.21964,98.860,98.860,31.711,5720.1,984.4,24.893
277.0,55.005,43.331,0.96359,M,0.18654,3.5183,3.7382,0.85618,0.16006,90.572,90.572,35.071,5909.8,1024.6,28.607
278.0,89.312,30.696,0.73940,M,0.21317,4.2343,4.4989,0.74942,0.27802,76.264,76.264,30.289,5110.1,888.0,30.691
279.0,100.5,43.159,1.1512,M,0.24858,4.4371,4.7144,1.0632,0.24493,70.155,70.155,26.005,4477.8,774.3,27.194
280.0,49.204,38.660,1.0282,M,0.10166,3.0391,3.2291,0.40358,0.17330,124.7,124.7,63.140,9600.7,1695.9,45.774
281.0,59.971,37.392,1.0138,F,0.19542,2.4932,3.0875,0.86829,0.17398,110.3,110.3,31.004,5899.6,1007.9,21.233
282.0,129.6,37.577,1.1759,F,0.43207,3.7782,4.6787,1.8259,0.28803,64.411,64.411,11.867,2743.3,461.8,14.606
283.0,79.171,46.057,1.3540,M,0.19277,3.5639,3.7867,0.83142,0.21108,88.583,88.583,33.723,5738.2,993.9,28.151
284.0,88.950,39.941,0.71226,F,0.22848,2.7398,3.3928,1.2419,0.17939,98.455,98.455,26.226,5082.1,865.6,19.699
285.0,74.566,44.214,1.1688,M,0.17242,3.7098,3.9416,0.75230,0.20143,90.395,90.395,38.235,6217.7,1084.6,32.736
286.0,101.7,36.194,0.87103,M,0.22706,3.9969,4.2467,0.89422,0.26797,77.308,77.308,28.255,4911.4,848.7,26.968
287.0,69.675,35.071,1.3591,F,0.25827,3.1582,3.9110,0.96113,0.22691,85.602,85.602,22.891,4480.1,764.1,20.634
288.0,114.6,37.880,0.86637,M,0.32537,6.1535,6.5381,1.3474,0.27334,51.717,51.717,19.985,3384.4,586.8,28.874
289.0,60.043,41.078,1.4117,M,0.21031,3.3831,3.5946,0.79107,0.20566,88.093,88.093,29.897,5377.2,925.2,24.727
290.0,58.204,43.286,0.76022,M,0.15196,2.1159,2.2481,0.76108,0.15164,133.9,133.9,40.428,7590.4,1296.7,21.014
291.0,113.4,40.259,1.4115,M,0.29736,4.6606,4.9519,1.0949,0.30556,63.281,63.281,20.992,3816.9,655.9,24.131
292.0,52.058,39.756,0.79044,M,0.15830,3.9298,4.1754,0.71403,0.15768,90.333,90.333,41.722,6532.8,1146.5,37.693
293.0,65.722,40.208,1.2979,M,0.15424,3.0459,3.2363,0.58519,0.21504,106.0,106.0,42.089,7074.8,1229.2,30.336
294.0,75.962,44.727,0.91845,M,0.11640,3.1121,3.3066,0.56248,0.18386,117.6,117.6,56.720,8699.6,1531.4,40.430
295.0,99.046,31.638,0.94001,M,0.23998,4.3276,4.5981,0.79654,0.31297,71.744,71.744,26.492,4622.2,799.7,27.995
296.0,69.800,37.132,0.97451,M,0.25517,3.2884,3.4939,0.99019,0.21783,83.421,83.421,23.164,4551.4,775.0,19.764
297.0,77.614,38.800,1.2595,M,0.31011,3.4359,3.6507,1.1457,0.24355,75.670,75.670,17.877,3789.8,641.4,17.054
298.0,74.128,50.874,0.96689,M,0.16401,3.1464,3.3430,0.89121,0.16117,102.3,102.3,40.336,6705.7,1163.5,28.827
299.0,102.8,45.221,1.0736,F,0.21341,3.3471,4.1448,1.1354,0.19954,88.884,88.884,30.198,5259.4,907.3,25.797
300.0,54.661,38.115,0.90971,M,0.19644,4.0191,4.2703,0.80406,0.17882,81.653,81.653,33.322,5516.7,960.1,31.261
301.0,64.006,41.035,0.65828,M,0.19092,3.0747,3.2669,0.95349,0.16084,97.476,97.476,33.477,5930.8,1020.3,24.308
302.0,62.785,40.108,1.0743,M,0.26736,2.9231,3.1058,1.0857,0.19558,88.619,88.619,20.701,4400.9,744.3,16.714
303.0,76.938,42.150,0.92590,M,0.17859,4.2803,4.5478,0.80796,0.19787,81.820,81.820,37.036,5846.2,1024.5,36.384
304.0,125.6,33.588,1.1893,M,0.45238,4.7763,5.0748,1.4654,0.36883,53.502,53.502,11.897,2604.7,440.1,16.425
305.0,107.9,33.652,0.83625,F,0.29814,4.4422,5.5010,1.2729,0.25594,65.446,65.446,21.117,3790.0,652.3,24.869
306.0,121.2,38.025,0.71289,M,0.26837,3.7670,4.0024,1.2001,0.26158,75.315,75.315,22.830,4292.2,733.6,21.324
307.0,70.555,34.807,0.53776,M,0.14447,3.2921,3.4979,0.65345,0.18807,104.3,104.3,45.804,7321.1,1280.3,34.594
308.0,81.883,32.983,1.0826,M,0.18007,3.9366,4.1827,0.59258,0.28220,84.936,84.936,35.835,5919.7,1033.0,33.963
309.0,46.839,42.460,1.0446,F,0.19310,1.9538,2.4195,0.97080,0.13293,130.3,130.3,28.829,6093.0,1030.6,16.701
310.0,45.169,43.150,1.0840,M,0.10169,2.7042,2.8732,0.44472,0.14959,134.6,134.6,64.506,9968.1,1754.0,40.454
311.0,103.8,37.759,0.67265,M,0.24137,3.0256,3.2147,1.0948,0.23546,89.917,89.917,24.424,4826.5,820.7,19.027
312.0,46.030,35.085,0.83078,F,0.10291,2.9562,3.6608,0.46032,0.14788,125.1,125.1,61.825,9346.2,1653.1,47.785
313.0,78.209,45.807,1.0820,M,0.19621,3.4380,3.6529,0.91477,0.19387,90.038,90.038,33.011,5693.6,983.6,26.552
314.0,66.087,38.381,0.99836,M,0.18925,3.0650,3.2565,0.75378,0.20551,97.612,97.612,33.397,5971.8,1027.8,24.792
315.0,68.449,42.466,1.3288,F,0.15804,3.2655,4.0438,0.72646,0.18180,100.7,100.7,41.533,6713.2,1173.1,34.305
316.0,70.658,39.155,1.0706,M,0.26221,3.1542,3.3513,1.0393,0.21481,84.868,84.868,21.981,4456.2,756.6,18.421
317.0,105.8,40.689,0.91703,F,0.30041,3.4201,4.2353,1.5155,0.21406,77.419,77.419,19.498,3882.3,659.8,18.787
318.0,87.153,33.716,1.0732,F,0.26447,3.4827,4.3128,1.0309,0.24716,79.712,79.712,22.943,4340.8,742.8,22.135
319.0,84.605,36.596,1.3958,F,0.22292,3.6628,4.5359,0.85928,0.24560,82.075,82.075,28.531,4986.2,862.2,27.645
320.0,72.875,36.352,0.84378,F,0.21304,2.8601,3.5418,0.98378,0.18776,98.002,98.002,28.937,5380.8,921.4,22.282
321.0,69.403,32.324,0.83248,M,0.22227,2.7990,2.9739,0.78970,0.23712,97.073,97.073,26.237,5234.3,890.5,19.441
322.0,106.5,38.624,0.85921,M,0.24789,4.0272,4.2789,1.0512,0.25559,74.472,74.472,25.611,4558.5,784.6,24.764
323.0,75.244,44.789,1.0196,M,0.20964,3.4448,3.6601,0.97576,0.18982,87.600,87.600,30.515,5383.6,927.1,24.903
324.0,96.517,45.053,0.73992,M,0.20755,3.9604,4.2080,1.0956,0.19382,81.066,81.066,31.807,5303.6,920.0,28.716
325.0,93.859,45.506,0.86073,F,0.23252,3.7828,4.6844,1.3523,0.17305,79.856,79.856,28.026,4800.1,829.5,26.625
326.0,45.912,39.787,0.95180,M,0.14065,2.9462,3.1303,0.59244,0.15680,112.5,112.5,46.701,7666.9,1335.7,31.944
327.0,99.598,40.374,0.83209,M,0.20005,3.9744,4.2228,0.89984,0.23170,81.816,81.816,32.846,5453.8,947.8,30.170
328.0,78.426,43.594,1.1673,F,0.16727,2.4344,3.0146,0.82969,0.18253,118.7,118.7,37.779,6783.5,1166.0,24.041
329.0,81.771,41.033,1.2493,F,0.19144,3.3343,4.1290,0.86831,0.20458,92.510,92.510,33.881,5750.7,997.1,28.943
330.0,74.013,39.815,0.81615,F,0.26274,4.1965,5.1967,1.3528,0.16994,71.340,71.340,24.567,4258.5,735.3,26.324
331.0,78.772,39.842,1.2411,M,0.29294,4.9896,5.3015,1.1193,0.23757,61.092,61.092,21.733,3827.0,660.3,26.151
332.0,110.0,36.668,0.95297,F,0.18748,4.4465,5.5063,0.83495,0.24808,77.731,77.731,34.775,5454.3,958.4,39.465
333.0,63.461,31.834,1.1054,M,0.28479,3.2225,3.4239,0.89565,0.25413,81.104,81.104,19.471,4118.4,697.7,17.649
334.0,86.317,43.304,1.0842,M,0.18335,4.7177,5.0125,0.80482,0.21824,76.224,76.224,35.879,5582.5,981.1,39.133
335.0,71.003,40.970,1.0788,M,0.21759,3.5868,3.8110,0.90230,0.20591,84.055,84.055,29.227,5181.3,892.5,25.164
336.0,84.931,39.430,1.0042,M,0.29512,3.7044,3.9360,1.2069,0.23202,73.396,73.396,19.889,3945.5,671.0,19.180
337.0,87.493,40.893,0.60105,F,0.19464,2.9539,3.6580,1.1556,0.16264,99.631,99.631,33.069,5799.0,998.7,24.810
338.0,50.917,38.435,0.78707,M,0.19919,2.4383,2.5907,0.86827,0.16105,110.6,110.6,29.270,5859.5,995.4,18.626
339.0,69.345,46.454,1.7204,F,0.10781,2.9861,3.6978,0.49498,0.18341,122.4,122.4,59.515,9035.5,1596.4,45.989
340.0,98.296,36.267,0.93865,M,0.17025,3.3251,3.5329,0.65344,0.26944,96.732,96.732,38.124,6424.3,1115.6,29.976
341.0,81.218,42.205,1.7746,M,0.28896,4.2213,4.4851,1.0270,0.26003,67.975,67.975,21.171,3963.4,678.9,22.552
342.0,78.965,47.922,1.5878,M,0.21969,3.3081,3.5148,0.93124,0.21445,88.027,88.027,28.377,5197.9,891.4,22.954
343.0,45.413,30.385,0.88685,M,0.18527,3.0734,3.2655,0.60208,0.20194,97.772,97.772,33.787,6070.2,1046.1,25.799
344.0,47.389,37.611,0.83851,M,0.21123,3.4039,3.6167,0.87883,0.16174,87.796,87.796,29.968,5355.4,921.5,24.595
345.0,85.750,40.444,1.0131,M,0.16197,3.8320,4.0715,0.67823,0.22789,90.714,90.714,40.626,6464.7,1132.2,36.093
346.0,73.752,35.852,0.90444,M,0.21948,3.9202,4.1652,0.84378,0.22713,79.226,79.226,29.250,5067.6,876.3,27.411
347.0,96.899,36.320,0.97069,F,0.27489,3.5721,4.4235,1.2036,0.23421,77.499,77.499,22.148,4185.2,715.6,21.649
348.0,51.388,44.803,0.95595,M,0.081958,3.3328,3.5411,0.39088,0.14799,127.4,127.4,73.783,10572.3,1884.2,61.538
349.0,54.180,36.505,1.1154,F,0.13585,2.8545,3.5348,0.56783,0.17420,115.6,115.6,47.965,7772.5,1359.0,35.127
350.0,56.416,33.261,1.0142,F,0.18126,2.7061,3.3511,0.71129,0.19003,107.3,107.3,34.544,6228.7,1072.2,25.081
351.0,50.817,44.618,0.72622,F,0.11722,2.4892,3.0825,0.71133,0.11555,134.5,134.5,57.016,9005.2,1575.8,34.675
352.0,75.426,36.512,0.82576,F,0.23542,2.7363,3.3885,1.1010,0.18919,97.388,97.388,24.991,4943.7,841.0,19.274
353.0,63.486,46.028,1.1329,M,0.14322,3.3221,3.5298,0.65973,0.17354,104.1,104.1,46.260,7352.9,1286.9,35.175
354.0,105.7,51.129,1.2580,F,0.19069,3.6337,4.4998,1.0892,0.18898,88.275,88.275,34.793,5676.2,988.4,31.216
355.0,59.320,35.610,1.2598,F,0.20978,3.0739,3.8066,0.81613,0.19742,93.821,93.821,29.712,5396.5,928.1,24.635
356.0,58.362,47.346,0.98197,M,0.099141,3.0182,3.2068,0.49634,0.15195,127.5,127.5,65.658,9795.7,1732.5,45.944
357.0,55.899,46.556,1.1716,F,0.10338,3.0654,3.7960,0.54903,0.13965,122.8,122.8,61.999,9206.7,1630.9,48.777
358.0,62.516,39.315,1.1968,F,0.25097,2.7157,3.3629,1.1054,0.17986,95.745,95.745,22.721,4664.1,791.1,18.020
359.0,120.5,45.553,0.66769,M,0.31297,4.2617,4.5280,1.7368,0.21008,65.960,65.960,19.565,3695.4,630.6,20.439
360.0,125.1,37.422,1.1030,M,0.33127,4.5594,4.8443,1.2376,0.31906,61.604,61.604,18.202,3482.0,594.7,21.167
361.0,92.320,41.660,1.4668,F,0.18487,2.8721,3.5567,0.80256,0.22958,102.8,102.8,34.378,6073.6,1047.4,25.898
362.0,54.491,36.327,1.0596,M,0.14337,3.5496,3.7714,0.52689,0.19881,99.208,99.208,45.361,7208.5,1264.5,38.122
363.0,56.783,39.111,0.81599,M,0.23460,3.6438,3.8715,1.0278,0.17087,80.924,80.924,26.831,4848.3,832.7,23.626
364.0,105.3,32.978,0.79395,M,0.18844,4.1165,4.3737,0.69604,0.29148,81.535,81.535,34.579,5662.8,988.3,33.625
365.0,81.989,41.599,0.86894,F,0.18423,2.9579,3.6629,0.97074,0.17638,101.5,101.5,35.113,6068.8,1048.1,26.424
366.0,77.877,43.951,0.84383,F,0.24042,2.7289,3.3794,1.3576,0.15967,97.005,97.005,24.447,4854.1,824.7,18.607
367.0,77.509,43.515,0.98771,M,0.37466,3.4203,3.6341,1.7115,0.19682,71.517,71.517,13.471,3170.0,532.9,13.850
368.0,60.861,41.392,0.76787,M,0.15384,3.2950,3.5009,0.73210,0.16386,101.8,101.8,43.082,6979.6,1217.3,32.416
369.0,129.1,37.941,0.67668,M,0.41245,3.6297,3.8566,1.8762,0.26688,66.656,66.656,11.962,2883.4,484.3,13.355
370.0,69.905,48.519,0.64925,M,0.15106,2.8351,3.0123,0.90568,0.14112,112.7,112.7,43.868,7314.1,1267.7,28.068
371.0,104.9,40.117,0.93608,M,0.34552,4.3301,4.6007,1.4773,0.25134,62.786,62.786,17.014,3371.0,573.3,19.092
372.0,91.000,32.053,1.3048,F,0.24057,2.9990,3.7138,0.82628,0.28772,90.614,90.614,24.588,4798.0,819.1,21.186
373.0,72.038,44.118,0.82967,M,0.24697,3.2410,3.4436,1.2217,0.17409,85.444,85.444,24.369,4698.6,800.5,19.818
374.0,79.821,39.178,0.73419,M,0.16588,4.8812,5.1863,0.75725,0.20039,77.594,77.594,39.200,5919.8,1045.5,44.648
375.0,123.3,35.218,1.4960,F,0.32241,3.5624,4.4115,1.1628,0.32775,73.327,73.327,17.638,3621.7,615.0,18.695
376.0,46.415,43.409,1.1156,M,0.12106,2.9573,3.1422,0.52708,0.15267,119.2,119.2,54.460,8578.5,1504.5,37.175
377.0,99.463,43.042,1.2055,M,0.18106,4.2946,4.5630,0.75900,0.24842,81.027,81.027,36.345,5779.4,1012.3,36.183
378.0,63.480,29.274,1.3537,M,0.37430,3.8663,4.1079,0.99866,0.29960,65.480,65.480,14.051,3149.9,532.0,16.371
379.0,96.024,42.620,0.76058,F,0.12591,2.7457,3.4001,0.71539,0.17953,122.9,122.9,52.872,8323.7,1458.1,35.734
380.0,81.870,36.635,0.78404,M,0.31431,3.3400,3.5488,1.3040,0.22382,76.833,76.833,17.386,3750.3,633.6,16.222
381.0,66.284,29.831,1.0328,F,0.17574,3.2966,4.0823,0.61028,0.23611,95.410,95.410,36.358,6159.1,1071.5,31.848
382.0,115.7,36.258,1.0904,M,0.25961,4.4934,4.7742,0.94199,0.31372,68.177,68.177,24.503,4305.7,743.5,26.677
383.0,81.670,35.642,1.4545,M,0.35814,3.6136,3.8394,1.1461,0.28974,69.691,69.691,14.683,3298.5,556.5,15.713
384.0,96.097,45.491,1.2806,F,0.18355,3.1908,3.9513,0.92013,0.20357,96.822,96.822,35.559,6004.0,1040.9,28.698
385.0,57.766,37.369,1.6952,F,0.27019,2.5129,3.1118,0.99037,0.20629,98.530,98.530,19.486,4372.1,737.6,15.714
386.0,74.231,37.320,0.86605,M,0.34340,3.6689,3.8982,1.4000,0.21500,70.064,70.064,15.943,3431.4,579.8,16.329
387.0,57.979,37.922,0.65840,M,0.16647,3.1958,3.3955,0.76464,0.16498,100.4,100.4,39.382,6599.7,1145.2,29.115
388.0,70.975,36.360,0.93264,F,0.13264,2.5082,3.1060,0.59021,0.19185,126.8,126.8,49.201,8161.3,1420.5,31.466
389.0,58.384,36.134,1.0706,M,0.12205,3.1849,3.3840,0.44428,0.20903,112.8,112.8,53.065,8342.0,1466.3,40.212
390.0,76.468,43.598,0.82100,M,0.18862,3.2485,3.4515,0.92503,0.18188,94.725,94.725,34.326,5941.0,1025.4,26.021
391.0,46.629,39.275,0.85345,M,0.12741,3.0072,3.1952,0.55135,0.15403,115.6,115.6,51.769,8225.0,1440.4,35.930
392.0,94.973,43.140,1.1339,F,0.18101,3.1058,3.8460,0.89761,0.20437,98.959,98.959,35.974,6102.7,1057.4,28.345
393.0,87.158,49.357,1.0539,F,0.18219,3.6292,4.4943,1.0709,0.16391,89.945,89.945,36.565,5883.1,1026.5,32.582
394.0,45.213,42.116,1.3935,F,0.13952,2.8377,3.5140,0.62456,0.14622,115.1,115.1,46.941,7632.0,1332.7,33.830
395.0,138.5,39.023,0.85752,M,0.35195,4.6917,4.9850,1.5099,0.29500,59.278,59.278,17.083,3290.3,561.1,20.305
396.0,75.628,33.029,1.1913,M,0.18495,3.0540,3.2449,0.58818,0.27866,98.161,98.161,33.756,6084.1,1048.3,25.729
397.0,54.365,38.179,0.92297,M,0.12541,3.1111,3.3056,0.51147,0.17889,113.7,113.7,52.285,8242.5,1446.3,37.914
398.0,77.146,38.677,1.0947,F,0.17104,3.3219,4.1136,0.76542,0.20036,96.683,96.683,38.231,6292.4,1096.5,32.306
399.0,70.895,46.239,0.99135,M,0.19554,3.5618,3.7844,0.95134,0.17535,88.336,88.336,33.406,5675.8,982.3,27.533
400.0,85.357,39.426,1.0657,M,0.26735,4.2366,4.5014,1.0693,0.23794,70.029,70.029,23.533,4240.6,729.1,24.251
401.0,75.833,40.988,1.0412,F,0.16578,2.8052,3.4738,0.80382,0.18306,108.9,108.9,39.153,6679.7,1156.6,27.994
402.0,60.942,46.910,0.88443,F,0.090282,2.3885,2.9578,0.53678,0.13125,151.9,151.9,72.906,10971.7,1936.8,43.247
403.0,52.747,37.155,1.0810,M,0.26495,2.1253,2.2581,0.98982,0.19186,110.9,110.9,17.405,4499.9,754.3,12.336
404.0,68.345,41.849,1.4176,M,0.18045,3.4230,3.6370,0.69118,0.21797,92.891,92.891,35.854,6095.9,1057.1,29.120
405.0,114.5,46.523,1.1122,M,0.48216,4.2239,4.4879,2.2619,0.24122,57.203,57.203,10.211,2467.0,414.3,13.270
406.0,54.588,39.790,1.0320,F,0.24939,3.2366,4.0081,1.1757,0.15514,85.581,85.581,24.503,4615.3,789.1,21.511
407.0,137.2,36.678,0.65912,M,0.25778,4.9463,5.2555,1.1424,0.28405,64.815,64.815,25.377,4261.6,739.4,29.167
408.0,102.2,38.228,0.95422,F,0.22468,3.0663,3.7971,1.0453,0.22739,91.966,91.966,27.574,5091.9,872.6,22.639
409.0,125.4,31.170,1.3546,F,0.28944,3.8887,4.8156,0.95171,0.36305,71.641,71.641,20.812,3952.6,677.2,22.928
410.0,70.404,41.815,1.2948,F,0.32530,2.4733,3.0627,1.4853,0.18608,94.697,94.697,14.492,3662.6,614.3,12.629
411.0,70.217,48.341,0.89509,F,0.12280,3.0245,3.7454,0.75037,0.13882,117.0,117.0,54.112,8250.8,1452.7,40.204
412.0,58.791,30.178,0.76456,F,0.22101,2.5318,3.1352,0.86920,0.19427,104.5,104.5,26.231,5269.4,896.1,19.242
413.0,122.5,33.084,1.1386,M,0.38857,5.4807,5.8233,1.2590,0.36336,51.577,51.577,15.487,2958.2,505.9,21.942
414.0,66.024,44.443,1.0450,F,0.16243,2.8384,3.5149,0.85697,0.15505,109.2,109.2,40.330,6779.9,1175.8,28.758
415.0,78.052,33.286,0.53758,F,0.12382,3.5583,4.4064,0.61614,0.18143,104.4,104.4,51.823,7771.2,1375.0,47.464
416.0,98.898,42.146,1.0049,F,0.28731,3.9233,4.8583,1.4540,0.20508,71.978,71.978,21.664,3983.3,682.6,22.529
417.0,94.423,44.911,1.1401,M,0.25748,4.1434,4.4023,1.1528,0.22557,72.186,72.186,24.682,4396.1,756.3,24.445
418.0,73.707,42.229,0.94420,F,0.15515,3.1350,3.8823,0.80529,0.16817,104.4,104.4,42.645,6880.6,1201.3,33.287
419.0,85.226,36.985,1.3530,F,0.26487,2.5280,3.1305,1.0445,0.24110,98.756,98.756,20.214,4454.5,752.1,16.028
420.0,66.749,47.796,0.87076,M,0.18900,3.6087,3.8342,0.99959,0.15568,88.992,88.992,34.935,5823.4,1010.2,28.730
421.0,88.401,39.800,0.87727,F,0.15613,3.5641,4.4136,0.78225,0.19391,95.999,95.999,42.228,6625.6,1162.7,37.686
422.0,45.673,49.576,0.90854,M,0.13891,3.1901,3.3895,0.75169,0.12168,108.5,108.5,48.156,7607.0,1330.9,34.515
423.0,61.694,42.393,0.78613,M,0.22998,2.5787,2.7399,1.1127,0.16246,101.4,101.4,24.520,5110.1,864.9,16.954
424.0,111.2,39.135,1.2445,F,0.28308,3.8953,4.8237,1.2228,0.25740,72.523,72.523,21.839,4035.7,691.9,22.947
425.0,80.869,38.850,1.2094,M,0.19725,4.0096,4.2602,0.74091,0.24543,81.434,81.434,32.962,5498.4,956.6,31.248
426.0,74.561,41.914,1.2053,M,0.18424,3.0562,3.2472,0.75095,0.21561,98.857,98.857,34.526,6112.7,1053.3,25.352
427.0,55.784,40.037,1.2328,M,0.18423,2.9596,3.1446,0.70933,0.19240,100.7,100.7,34.172,6140.4,1056.4,24.651
428.0,81.828,44.133,0.83521,M,0.26148,3.0844,3.2771,1.2907,0.18806,86.351,86.351,22.073,4478.6,759.5,17.815
429.0,94.919,41.008,0.63202,F,0.18299,4.2211,5.2271,1.0694,0.17335,81.721,81.721,36.377,5642.0,990.7,37.742
430.0,77.670,34.744,1.0234,M,0.24418,3.2705,3.4749,0.86710,0.25350,84.952,84.952,24.403,4736.3,808.0,20.679
431.0,64.199,35.615,1.2228,F,0.33572,3.6181,4.4804,1.3209,0.20451,71.690,71.690,16.856,3486.3,591.3,18.102
432.0,75.276,40.562,0.93327,M,0.16981,3.4254,3.6395,0.73545,0.20406,95.413,95.413,38.652,6403.1,1113.6,30.706
433.0,52.222,38.755,1.1191,M,0.11077,2.3646,2.5124,0.42718,0.18476,140.9,140.9,58.976,9687.9,1689.1,32.754
434.0,77.761,45.904,0.93254,F,0.16543,3.2432,4.0162,0.94246,0.15813,99.974,99.974,40.168,6501.7,1133.6,32.120
435.0,52.574,45.585,0.83181,M,0.13791,2.6757,2.8429,0.70558,0.13982,120.7,120.7,47.886,7954.9,1381.0,29.246
436.0,72.776,45.267,1.0885,M,0.18037,3.3241,3.5319,0.82855,0.18860,94.985,94.985,36.163,6138.5,1063.0,27.952
437.0,58.812,42.798,0.60266,F,0.092093,2.6405,3.2699,0.57323,0.12277,141.6,141.6,70.796,10468.2,1853.1,46.758
438.0,80.509,37.826,0.83853,M,0.22276,3.4283,3.6426,0.93241,0.21966,85.640,85.640,28.123,5111.3,877.5,23.479
439.0,63.140,35.636,0.96318,F,0.13679,2.3096,2.8600,0.58872,0.18515,131.8,131.8,47.059,8092.2,1401.1,28.163
440.0,111.1,44.433,1.0527,M,0.20931,4.1329,4.3913,0.95457,0.24371,78.512,78.512,31.402,5219.5,906.9,29.961
441.0,83.095,42.599,0.80589,F,0.28074,2.9716,3.6798,1.5602,0.16855,86.999,86.999,20.318,4179.3,708.0,17.366
442.0,80.309,37.457,0.75892,M,0.18041,4.0446,4.2974,0.77566,0.21354,84.229,84.229,36.547,5884.3,1028.3,34.143
443.0,89.476,39.978,1.1151,F,0.26699,3.3070,4.0952,1.2289,0.21257,82.363,82.363,22.521,4332.4,739.1,20.563
444.0,107.1,37.599,1.1746,M,0.23478,3.9348,4.1808,0.86111,0.29652,76.908,76.908,26.959,4786.2,825.1,25.810
445.0,65.701,28.190,1.3157,F,0.25106,3.0489,3.7756,0.75022,0.27298,88.097,88.097,23.102,4606.2,785.7,20.926
446.0,61.495,41.670,1.0186,F,0.16449,3.0117,3.7295,0.81833,0.15770,104.6,104.6,39.878,6630.8,1152.4,30.239
447.0,88.697,45.725,1.2989,M,0.17502,4.0697,4.3241,0.76080,0.22394,84.940,84.940,37.705,6010.9,1052.0,35.387
448.0,153.6,40.171,1.0795,M,0.21086,5.1876,5.5118,0.85611,0.33134,67.960,67.960,31.097,4913.2,861.8,37.610
449.0,90.638,39.895,1.2593,M,0.31494,3.7360,3.9695,1.1985,0.25908,71.268,71.268,18.159,3713.7,630.2,18.218
450.0,52.924,46.115,1.3540,M,0.13812,2.6870,2.8550,0.59653,0.16628,119.9,119.9,47.354,7930.7,1377.0,29.618
451.0,88.441,40.222,0.99737,M,0.17350,4.1013,4.3576,0.72651,0.23208,84.729,84.729,37.926,6036.4,1057.2,36.062
452.0,76.750,43.562,0.91931,F,0.17208,2.8222,3.4949,0.93232,0.16499,107.2,107.2,37.784,6474.9,1119.4,26.948
453.0,90.445,32.060,1.2210,M,0.35620,4.4797,4.7596,1.0876,0.32251,60.475,60.475,16.202,3264.3,555.5,19.668
454.0,71.269,35.874,0.98333,M,0.23972,3.2017,3.4018,0.89384,0.22950,86.757,86.757,24.908,4827.0,823.3,20.543
455.0,75.148,32.398,0.98170,M,0.39248,3.5570,3.7793,1.3144,0.26362,68.545,68.545,12.656,3025.1,508.6,14.059
456.0,82.718,42.432,1.2955,M,0.31101,3.8849,4.1277,1.2501,0.23242,69.850,69.850,18.822,3745.4,636.9,19.110
457.0,51.564,46.570,1.4397,M,0.12472,2.6956,2.8641,0.53197,0.16581,124.5,124.5,52.786,8585.4,1497.8,32.933
458.0,78.473,42.221,0.72386,F,0.13660,3.2974,4.0833,0.78274,0.15805,106.3,106.3,48.533,7459.2,1312.1,39.538
459.0,83.284,40.421,1.1442,M,0.34252,3.9411,4.1874,1.3698,0.23455,66.879,66.879,16.523,3423.1,580.1,17.608
460.0,83.632,30.171,1.1381,M,0.31797,4.7605,5.0580,0.93452,0.31994,60.565,60.565,19.087,3586.5,615.2,23.498
461.0,115.8,47.328,0.82685,M,0.26469,4.2619,4.5283,1.4124,0.21349,70.385,70.385,24.220,4279.2,736.1,24.217
462.0,87.368,40.691,0.72321,M,0.24192,3.0808,3.2733,1.1561,0.20189,88.864,88.864,24.570,4809.6,818.4,19.269
463.0,95.862,34.788,0.60054,M,0.32459,3.6477,3.8757,1.4081,0.23490,71.720,71.720,17.318,3619.1,612.7,17.105
464.0,77.859,37.300,1.3030,M,0.26399,3.5234,3.7436,0.92365,0.25766,78.733,78.733,22.523,4382.1,747.5,20.630
465.0,72.597,38.064,1.7961,F,0.28977,3.4742,4.3022,1.0599,0.23650,77.275,77.275,20.244,4000.7,681.8,20.261
466.0,89.712,37.904,1.5969,M,0.47055,3.3514,3.5609,1.5523,0.29706,68.218,68.218,8.9355,2540.0,424.9,11.063
467.0,79.411,39.161,1.4229,M,0.25220,4.0173,4.2684,0.89911,0.25583,73.818,73.818,24.787,4489.1,772.1,24.585
468.0,64.537,40.697,0.81420,F,0.23850,3.4493,4.2715,1.2580,0.15303,83.662,83.662,26.542,4763.1,818.5,23.801
469.0,50.020,39.313,1.0437,F,0.14089,2.6116,3.2341,0.65302,0.14988,121.0,121.0,46.389,7718.3,1342.2,30.758
470.0,62.529,34.557,1.1956,M,0.25072,4.6649,4.9565,0.83538,0.23778,67.374,67.374,25.470,4399.2,762.2,28.875
471.0,78.971,31.574,0.86935,M,0.20515,3.4544,3.6703,0.69956,0.26659,87.601,87.601,30.714,5470.8,943.4,26.081
472.0,59.024,42.848,1.3386,M,0.23157,2.6504,2.8161,0.92910,0.19087,99.268,99.268,24.388,5065.2,858.2,17.512
473.0,68.726,40.846,1.0795,F,0.14188,2.4767,3.0670,0.67627,0.17574,124.8,124.8,45.879,7758.6,1345.4,28.911
474.0,71.523,40.300,0.84202,M,0.23303,3.6878,3.9182,1.0415,0.19186,80.573,80.573,27.164,4868.9,837.0,24.042
475.0,91.379,42.001,0.98099,M,0.29914,4.8756,5.1804,1.3195,0.22458,61.636,61.636,21.286,3776.4,650.1,24.782
476.0,80.580,37.508,0.73923,M,0.21215,2.7744,2.9478,0.92246,0.21157,99.551,99.551,28.170,5469.1,931.8,19.902
477.0,71.634,30.001,1.1091,F,0.23228,3.0081,3.7251,0.79023,0.25230,91.510,91.510,25.741,4948.0,846.2,22.028
478.0,86.055,37.655,0.75716,F,0.29217,3.0476,3.7740,1.4582,0.19159,84.372,84.372,19.317,4018.7,680.5,17.225
479.0,74.936,40.091,0.82350,M,0.21506,3.2782,3.4830,0.96388,0.19666,89.331,89.331,29.168,5302.8,909.9,23.153
480.0,63.162,42.337,1.2201,M,0.29336,3.7932,4.0302,1.2030,0.19435,72.459,72.459,20.231,3958.5,674.1,19.753
481.0,66.151,32.309,1.0966,F,0.31874,3.6941,4.5746,1.1780,0.22160,71.862,71.862,18.197,3648.9,620.9,19.568
482.0,71.911,47.498,0.96349,M,0.18434,4.0931,4.3489,0.93260,0.17004,83.277,83.277,36.132,5777.9,1009.4,33.491
483.0,60.125,40.277,0.86285,F,0.21033,3.1979,3.9601,1.0738,0.15165,91.891,91.891,30.385,5361.2,923.5,25.071
484.0,100.9,38.447,1.0948,F,0.23912,3.4681,4.2947,1.0633,0.23617,83.070,83.070,26.240,4745.0,815.6,24.136
485.0,53.252,38.904,0.91016,F,0.11790,2.3089,2.8593,0.56874,0.14942,139.8,139.8,55.780,9116.0,1589.2,32.410
486.0,61.210,38.951,1.6345,M,0.28959,3.8165,4.0550,0.97481,0.23243,72.306,72.306,20.395,3999.2,681.8,20.435
487.0,63.665,39.946,1.2547,M,0.16519,3.7063,3.9379,0.63032,0.20985,91.602,91.602,39.566,6420.1,1121.8,34.452
488.0,112.0,34.526,1.1932,M,0.38198,3.9855,4.2346,1.2724,0.33518,63.891,63.891,14.031,3087.3,521.4,16.193
489.0,108.5,39.709,0.93788,M,0.27773,5.1140,5.4337,1.1739,0.25933,61.604,61.604,23.364,3985.2,690.1,28.074
490.0,109.9,41.067,0.88893,M,0.17476,4.6665,4.9582,0.78090,0.24710,78.204,78.204,37.580,5793.9,1019.7,40.567
491.0,70.087,34.334,1.0796,F,0.18121,2.3213,2.8746,0.71843,0.21373,118.5,118.5,33.249,6355.9,1086.2,21.504
492.0,83.526,40.386,1.2747,F,0.27365,3.5187,4.3574,1.2113,0.21227,78.394,78.394,22.190,4209.4,719.4,21.405
493.0,51.484,40.189,0.92389,M,0.17382,2.5919,2.7539,0.74829,0.16413,112.0,112.0,35.801,6578.2,1127.6,22.707
494.0,72.333,46.524,0.89565,F,0.12954,3.3433,4.1402,0.75989,0.14716,107.5,107.5,50.924,7707.3,1359.3,42.220
495.0,71.202,32.849,1.4614,F,0.19996,2.5722,3.1852,0.67571,0.25310,106.8,106.8,29.827,5751.9,983.4,21.894
496.0,99.052,32.230,1.8069,F,0.33999,3.6711,4.5461,1.0403,0.33952,70.459,70.459,16.383,3438.1,583.5,18.560
497.0,50.901,35.311,0.79602,M,0.21363,2.9677,3.1532,0.84758,0.17690,95.063,95.063,28.408,5395.5,921.9,21.272
498.0,66.993,33.001,0.76415,F,0.11036,2.9640,3.6705,0.47728,0.19079,121.7,121.7,58.128,8915.2,1573.3,44.786
499.0,54.546,41.773,1.0093,M,0.12019,3.6613,3.8901,0.52152,0.16847,104.6,104.6,53.612,8072.8,1427.2,46.367
500.0,102.5,39.398,0.96750,F,0.27669,3.9049,4.8356,1.3222,0.22181,73.133,73.133,22.623,4117.6,706.8,23.370
501.0,110.2,41.128,1.0937,M,0.32498,4.5385,4.8221,1.3462,0.26710,62.325,62.325,18.749,3545.3,605.9,21.321
502.0,68.284,43.787,0.94441,F,0.15128,2.7047,3.3494,0.81589,0.15472,115.6,115.6,43.471,7248.2,1258.3,29.385
503.0,70.987,40.684,0.82237,F,0.28383,2.8191,3.4910,1.4911,0.16252,89.804,89.804,19.472,4150.5,701.5,16.349
504.0,93.074,38.907,0.61860,F,0.19094,3.1239,3.8685,1.0639,0.17974,96.839,96.839,34.088,5838.5,1009.3,26.839
505.0,83.438,42.295,1.0430,F,0.21386,3.6357,4.5022,1.0714,0.18744,84.259,84.259,30.429,5174.4,896.2,28.065
506.0,75.190,31.138,0.96614,M,0.26817,3.2782,3.4830,0.86627,0.27340,81.900,81.900,21.377,4347.9,738.9,19.022
507.0,123.4,42.048,1.1310,F,0.20735,3.7267,4.6150,1.0016,0.24472,83.877,83.877,31.521,5279.2,916.7,29.741
508.0,65.156,37.060,1.2023,M,0.18836,3.0011,3.1886,0.67446,0.22669,98.835,98.835,33.201,6010.7,1033.8,24.583
509.0,70.412,38.683,0.95327,M,0.22016,3.6232,3.8497,0.89959,0.20794,83.133,83.133,28.851,5121.7,882.2,25.148
510.0,94.912,38.473,1.0163,M,0.24781,3.5092,3.7286,0.98301,0.25539,80.974,80.974,24.633,4641.1,793.7,21.683
511.0,118.9,37.706,1.0712,M,0.19125,5.4975,5.8411,0.72819,0.30388,67.841,67.841,33.640,5168.6,911.7,44.144
512.0,151.4,45.828,0.86048,M,0.28069,4.1301,4.3882,1.4261,0.26252,70.060,70.060,22.267,4083.2,699.4,22.187
513.0,48.564,40.649,0.75092,M,0.17573,3.1005,3.2943,0.82720,0.14503,100.1,100.1,36.921,6350.0,1097.4,26.721
514.0,60.767,47.358,1.4340,M,0.20767,2.6923,2.8605,0.90297,0.17917,102.3,102.3,28.690,5591.8,952.3,19.730
515.0,91.609,41.704,1.0904,M,0.19767,4.5960,4.8832,0.83194,0.23573,75.138,75.138,33.310,5321.2,931.3,35.459
516.0,64.843,38.594,1.0866,M,0.13106,3.8847,4.1275,0.50877,0.20851,97.169,97.169,48.951,7467.4,1318.6,45.456
517.0,57.198,41.563,0.68329,F,0.12263,2.6748,3.3124,0.70610,0.13056,126.2,126.2,54.331,8546.6,1497.2,35.717
518.0,61.742,42.489,0.79012,M,0.14374,3.3987,3.6112,0.69582,0.16245,102.7,102.7,46.229,7292.2,1277.3,35.750
519.0,60.299,40.884,1.4818,F,0.15788,2.6664,3.3019,0.66931,0.18293,114.2,114.2,40.733,7010.5,1213.8,28.203
520.0,134.7,46.464,0.61871,F,0.16916,3.7027,4.5853,1.1375,0.18517,91.637,91.637,39.721,6195.2,1085.6,35.564
521.0,117.3,40.052,0.95712,F,0.17160,4.2307,5.2390,0.83786,0.23507,83.108,83.108,38.140,5894.7,1037.5,40.768
522.0,44.000,39.596,1.0292,F,0.15653,1.7974,2.2257,0.73483,0.13721,147.7,147.7,37.423,7443.7,1265.6,19.037
523.0,74.193,35.566,0.97307,M,0.21822,4.9075,5.2142,0.80944,0.23623,69.177,69.177,29.885,4856.2,848.6,34.605
524.0,69.654,40.748,1.0801,F,0.13045,2.2094,2.7360,0.62006,0.17762,138.3,138.3,49.700,8486.2,1469.5,28.056
525.0,56.765,39.198,0.94188,M,0.27939,3.3467,3.5558,1.1629,0.17981,79.907,79.907,20.643,4184.4,710.2,18.282
526.0,102.1,40.082,0.86512,M,0.25800,3.8203,4.0591,1.1350,0.24046,75.778,75.778,24.102,4436.2,760.2,22.518
527.0,58.357,42.872,1.0810,M,0.19303,2.8468,3.0247,0.83926,0.17496,101.5,101.5,32.159,5932.1,1016.3,22.444
528.0,79.239,40.227,0.82802,M,0.29937,4.2145,4.4779,1.3439,0.20292,67.395,67.395,20.488,3846.4,657.5,21.382
529.0,91.906,47.517,0.70251,M,0.27716,4.4448,4.7226,1.5783,0.17456,67.437,67.437,23.173,4090.1,703.4,24.041
530.0,54.837,42.346,0.74774,F,0.072710,2.8774,3.5632,0.41292,0.12913,143.9,143.9,81.802,11626.8,2074.8,64.849
531.0,86.303,35.706,0.88928,F,0.18408,3.4956,4.3288,0.81785,0.21559,91.092,91.092,35.460,5875.5,1022.8,31.604
532.0,53.146,45.210,1.1559,F,0.12136,2.2092,2.7357,0.62791,0.13914,142.4,142.4,54.156,9000.5,1563.9,29.993
533.0,98.653,43.296,0.51542,F,0.14605,3.3260,4.1187,0.97554,0.15515,103.5,103.5,45.946,7099.3,1246.1,37.011
534.0,71.449,40.918,0.84470,M,0.15202,3.1989,3.3988,0.68968,0.18890,104.0,104.0,43.431,7089.5,1235.4,31.939
535.0,49.085,39.672,0.62257,M,0.14817,3.2625,3.4664,0.72894,0.13964,104.1,104.1,44.869,7201.7,1257.6,33.262
536.0,60.708,39.974,0.94294,M,0.12819,3.3349,3.5433,0.54455,0.18329,108.2,108.2,51.155,7957.5,1399.0,39.650
537.0,70.503,51.606,1.1842,M,0.22618,3.4154,3.6288,1.1569,0.16624,85.588,85.588,27.842,5051.1,866.2,22.762
538.0,82.870,35.273,0.87565,M,0.26910,3.9806,4.2294,1.0292,0.24453,72.529,72.529,22.919,4251.0,728.5,22.710
539.0,60.737,36.029,1.3129,F,0.11263,3.5671,4.4173,0.43686,0.20078,106.5,106.5,54.654,8233.9,1459.4,53.259
540.0,63.310,33.617,1.5026,M,0.27307,3.0611,3.2524,0.81140,0.26859,85.046,85.046,20.149,4297.0,727.8,17.576
541.0,113.3,40.152,0.97277,F,0.26442,4.0743,5.0454,1.2866,0.23102,72.425,72.425,24.169,4254.7,733.4,25.485
542.0,50.717,45.690,0.76410,M,0.098985,2.9750,3.1609,0.52401,0.13230,128.9,128.9,66.135,9857.2,1742.8,45.222
543.0,99.613,33.676,1.5604,M,0.37350,4.2867,4.5547,1.0963,0.35509,61.199,61.199,14.868,3136.1,531.7,18.016
544.0,50.584,30.374,1.0965,F,0.29148,2.2985,2.8463,1.0090,0.20200,102.8,102.8,16.396,4080.9,685.2,13.392
545.0,87.282,42.368,1.0589,F,0.098847,2.8133,3.4839,0.49330,0.19322,131.6,131.6,65.042,9767.6,1727.7,46.998
546.0,114.7,35.495,1.1045,M,0.46561,4.6639,4.9554,1.6439,0.32078,53.916,53.916,11.308,2538.8,428.1,15.472
547.0,108.8,39.726,1.2989,F,0.24464,4.2879,5.3100,1.0567,0.25415,72.020,72.020,26.442,4493.4,779.3,29.230
548.0,51.961,40.017,0.55526,F,0.23492,2.6886,3.3295,1.4040,0.11887,98.772,98.772,25.154,4964.9,843.8,18.703
549.0,67.505,32.252,1.1541,M,0.35418,4.3031,4.5721,1.1114,0.26414,62.230,62.230,16.116,3293.3,559.6,18.954
550.0,66.710,40.407,1.8190,F,0.42770,2.6204,3.2450,1.6589,0.21220,84.977,84.977,9.3000,2797.5,467.5,10.302
551.0,79.875,44.113,0.81412,M,0.17505,3.2293,3.4311,0.87196,0.18373,97.971,97.971,37.433,6326.5,1095.6,27.848
552.0,58.950,48.036,0.78984,M,0.14537,2.3995,2.5495,0.80154,0.13879,126.3,126.3,44.408,7764.3,1337.3,24.785
553.0,80.045,49.408,0.94768,F,0.20965,3.2344,4.0053,1.2835,0.14968,91.597,91.597,30.851,5371.2,925.8,25.181
554.0,134.7,45.811,1.0012,F,0.22548,4.5054,5.5792,1.2482,0.22486,72.444,72.444,29.448,4748.7,828.7,32.791
555.0,84.520,41.917,1.6082,F,0.20523,2.5340,3.1380,0.86651,0.22409,107.2,107.2,29.128,5635.9,961.5,20.626
556.0,79.597,39.102,1.2831,M,0.25193,3.7244,3.9572,0.93200,0.24687,77.451,77.451,24.425,4540.2,778.1,22.753
557.0,83.318,37.439,0.97424,F,0.19769,3.1761,3.9331,0.89267,0.20777,94.227,94.227,32.426,5650.2,975.9,26.707
558.0,81.234,36.875,0.76771,M,0.15308,3.6717,3.9012,0.64456,0.21953,95.195,95.195,42.988,6815.7,1194.4,36.578
559.0,81.018,36.729,0.66920,M,0.17135,3.2555,3.4589,0.75623,0.20911,98.081,98.081,38.123,6423.2,1114.0,28.886
560.0,45.477,34.372,1.0213,F,0.12312,2.3952,2.9661,0.49893,0.16207,133.8,133.8,52.707,8732.1,1521.7,32.601
561.0,47.165,35.615,0.65752,M,0.13353,2.5045,2.6610,0.57412,0.15607,126.8,126.8,48.766,8261.7,1431.9,28.565
562.0,64.737,38.599,0.89441,F,0.16749,2.8391,3.5157,0.80649,0.16794,107.7,107.7,38.744,6609.0,1144.5,28.055
563.0,69.059,39.045,1.1293,M,0.21037,3.9805,4.2292,0.81491,0.21685,79.827,79.827,30.771,5231.9,907.2,29.022
564.0,61.115,37.477,0.89041,M,0.17462,3.3171,3.5245,0.70775,0.19287,96.052,96.052,37.202,6299.8,1092.6,29.044
565.0,87.309,36.521,1.0424,M,0.28594,4.2769,4.5442,1.0632,0.25938,67.753,67.753,21.594,3994.4,684.9,23.011
566.0,129.6,38.045,1.4221,M,0.43362,4.2889,4.5569,1.4995,0.35200,58.389,58.389,12.050,2727.7,459.8,15.303
567.0,81.197,40.950,0.69256,F,0.26633,3.2004,3.9632,1.5020,0.16385,84.372,84.372,22.550,4359.4,742.5,19.699
568.0,72.751,43.592,0.87919,M,0.21236,3.0998,3.2936,1.0150,0.18122,92.987,92.987,29.285,5401.1,924.8,22.087
569.0,84.622,37.892,1.3354,F,0.32845,3.2137,3.9796,1.3355,0.23287,78.296,78.296,16.526,3587.4,606.2,16.391
570.0,106.8,45.180,1.2764,M,0.18406,4.6887,4.9817,0.79516,0.25134,76.362,76.362,35.724,5576.5,979.6,38.783
571.0,88.950,39.836,0.82067,F,0.24997,3.6268,4.4912,1.2851,0.18966,79.635,79.635,25.311,4542.1,780.6,23.914
572.0,89.063,37.414,0.90347,F,0.16585,3.4390,4.2586,0.76975,0.21025,95.795,95.795,39.606,6392.0,1117.1,34.403
573.0,117.9,41.735,0.85737,F,0.17610,4.1334,5.1186,0.93578,0.21662,83.776,83.776,37.536,5830.8,1024.4,38.611
574.0,92.616,47.878,1.0425,M,0.20705,4.0376,4.2899,1.0258,0.20155,80.113,80.113,31.857,5292.2,919.0,29.447
575.0,105.6,35.299,1.4066,F,0.24558,3.3816,4.1876,0.90847,0.29157,83.316,83.316,24.916,4647.5,797.0,23.247
576.0,77.430,37.513,0.88514,F,0.20600,3.1143,3.8566,0.96611,0.19160,94.021,94.021,30.837,5476.2,943.1,25.066
577.0,109.3,43.423,0.96465,F,0.25232,4.5560,5.6419,1.3382,0.20760,68.871,68.871,26.064,4336.6,753.2,29.706
578.0,104.5,45.531,1.4554,M,0.23366,4.5926,4.8796,0.96912,0.25847,70.359,70.359,27.947,4677.2,812.5,30.004
579.0,92.245,44.643,0.83822,M,0.23662,4.6138,4.9022,1.1807,0.19963,70.116,70.116,27.887,4631.1,804.2,29.433
580.0,84.126,34.284,0.79524,F,0.24556,2.6109,3.2332,1.0895,0.21267,99.022,99.022,23.057,4773.2,809.0,17.697
581.0,57.037,36.917,0.86182,M,0.15075,2.4756,2.6303,0.60866,0.18588,121.5,121.5,42.086,7482.0,1288.6,25.115
582.0,57.824,40.741,1.0628,M,0.25198,3.1376,3.3337,1.0445,0.18253,86.418,86.418,23.237,4624.4,786.2,19.008
583.0,75.627,33.739,0.93553,M,0.41089,3.9868,4.2360,1.4625,0.24896,62.451,62.451,12.603,2881.5,485.4,14.978
584.0,64.985,36.887,0.91935,F,0.18030,2.8500,3.5292,0.81896,0.17843,104.4,104.4,35.467,6212.0,1072.1,26.265
585.0,104.9,40.951,1.1083,M,0.20163,3.7669,4.0023,0.82730,0.26185,84.056,84.056,32.182,5473.8,948.6,28.540
586.0,60.055,36.816,0.83041,F,0.24994,2.7275,3.3776,1.1768,0.16432,95.651,95.651,22.968,4681.4,794.2,18.089
587.0,101.8,43.619,1.1606,M,0.23103,6.0306,6.4075,0.99624,0.24481,59.923,59.923,28.409,4411.5,775.7,39.747
588.0,141.2,40.255,0.86544,M,0.19237,5.6192,5.9704,0.85005,0.28974,67.143,67.143,33.757,5116.1,903.3,44.407
589.0,78.388,39.180,1.2866,F,0.14103,3.2744,4.0549,0.60244,0.21189,104.6,104.6,46.135,7292.4,1280.2,38.749
590.0,94.234,35.598,1.0098,F,0.23050,3.3406,4.1368,0.97358,0.23884,86.133,86.133,27.127,4921.4,845.9,24.208
591.0,67.800,40.585,1.0771,M,0.30686,3.0737,3.2658,1.2605,0.20228,81.889,81.889,17.272,3853.7,649.8,15.301
592.0,86.051,40.884,1.1302,F,0.10729,3.6956,4.5764,0.50317,0.20389,106.5,106.5,57.077,8366.9,1487.4,57.112
593.0,36.708,40.594,1.0159,M,0.14140,2.5754,2.7364,0.59380,0.13786,121.8,121.8,45.800,7842.7,1357.4,27.781
594.0,83.788,34.294,0.94521,M,0.22774,4.4618,4.7407,0.82162,0.26092,72.046,72.046,28.376,4797.6,833.2,30.210
595.0,84.997,36.700,0.90181,M,0.28879,4.9347,5.2431,1.1393,0.24062,61.895,61.895,22.105,3880.8,669.6,26.175
596.0,65.669,34.341,1.0510,M,0.22883,3.2024,3.4026,0.79468,0.23482,88.138,88.138,26.364,5029.6,859.8,21.645
597.0,49.236,35.335,0.86569,M,0.14158,3.1465,3.3432,0.54482,0.17886,107.5,107.5,46.186,7508.2,1311.4,34.104
598.0,84.979,44.352,1.5521,F,0.22604,2.9770,3.6866,1.0267,0.20897,93.486,93.486,27.098,5082.6,869.6,21.884
599.0,126.1,40.324,0.85451,M,0.29094,5.2724,5.6019,1.2941,0.26928,59.445,59.445,22.322,3816.4,660.4,27.540
600.0,35.700,37.276,0.62978,M,0.17547,2.0230,2.1495,0.80464,0.12420,130.5,130.5,32.475,6683.7,1132.5,17.488
601.0,82.719,37.924,1.5667,M,0.27491,3.1634,3.3612,0.91390,0.28103,83.150,83.150,20.385,4262.1,722.5,17.862
602.0,63.698,45.099,1.2512,M,0.15082,3.6033,3.8285,0.65516,0.18438,96.952,96.952,43.736,6926.6,1213.7,36.361
603.0,57.966,36.072,1.1176,M,0.19461,3.9414,4.1878,0.69589,0.21190,82.596,82.596,33.272,5575.3,969.8,31.251
604.0,79.729,43.267,1.0801,M,0.25686,3.8839,4.1266,1.1280,0.20817,75.140,75.140,24.343,4444.0,762.3,22.996
605.0,89.621,47.023,1.0034,M,0.35169,3.9125,4.1570,1.7339,0.19865,66.687,66.687,15.987,3343.6,565.7,16.803
606.0,78.183,34.464,1.1135,F,0.25322,3.3096,4.0985,0.99643,0.22965,83.674,83.674,23.926,4537.9,776.2,21.953
607.0,70.432,44.200,1.4902,F,0.17671,2.9727,3.6813,0.81200,0.18494,102.5,102.5,36.574,6271.0,1085.6,27.930
608.0,89.001,38.006,0.49822,M,0.22061,3.5584,3.7808,1.1270,0.19094,84.307,84.307,29.013,5132.0,882.9,24.315
609.0,110.6,41.526,1.0929,M,0.23315,4.2547,4.5206,0.97600,0.26476,73.768,73.768,27.779,4754.7,823.0,27.840
610.0,124.9,42.744,1.2468,F,0.15243,4.1717,5.1660,0.72248,0.25119,87.379,87.379,42.282,6417.7,1133.6,45.343
611.0,64.225,28.957,0.80906,M,0.27312,3.4617,3.6781,0.87280,0.25186,78.537,78.537,21.258,4255.2,724.3,19.741
612.0,90.328,36.811,0.87883,F,0.22176,3.6374,4.5044,1.0221,0.21348,82.950,82.950,29.041,5019.6,867.9,27.227
613.0,67.138,39.560,1.3247,F,0.14811,3.2487,4.0230,0.63226,0.19354,103.3,103.3,44.041,7052.1,1235.2,36.610
614.0,79.957,37.047,0.93281,M,0.22593,3.3916,3.6036,0.88898,0.23273,85.647,85.647,27.452,5054.5,866.8,23.000
615.0,54.900,28.098,1.0733,F,0.35969,2.1581,2.6724,1.1556,0.22840,102.8,102.8,10.812,3326.9,555.9,10.262
616.0,89.423,42.724,0.66960,M,0.13703,5.2595,5.5882,0.70972,0.18885,79.453,79.453,45.158,6483.7,1154.4,57.817
617.0,81.447,40.280,0.85912,F,0.14424,2.6423,3.2721,0.73762,0.18103,119.3,119.3,45.558,7562.3,1314.4,30.204
618.0,45.830,36.230,0.99929,M,0.20213,2.7025,2.8714,0.75706,0.17616,102.8,102.8,29.558,5724.2,976.4,20.558
619.0,54.000,39.622,0.88733,M,0.14034,3.3811,3.5925,0.60414,0.16881,103.6,103.6,46.961,7426.9,1301.8,36.689
620.0,66.539,37.757,1.0050,M,0.25130,3.0773,3.2696,0.98127,0.21047,87.525,87.525,23.081,4642.6,788.8,18.771
621.0,94.319,31.360,0.97299,M,0.22358,4.3958,4.6705,0.72578,0.31092,72.979,72.979,28.662,4879.5,847.5,30.581
622.0,109.3,40.009,0.65060,M,0.17140,4.1180,4.3754,0.83697,0.22542,85.312,85.312,38.779,6090.2,1067.5,36.309
623.0,61.262,37.175,1.3899,M,0.22098,3.1156,3.3103,0.75205,0.23001,90.809,90.809,27.324,5203.4,889.8,21.842
624.0,70.630,39.517,0.91684,M,0.26476,3.5139,3.7336,1.1228,0.20073,79.005,79.005,22.661,4375.5,746.0,20.231
625.0,90.709,45.704,1.1727,F,0.22235,2.6266,3.2526,1.1575,0.18947,102.1,102.1,26.753,5228.9,890.0,19.456
626.0,83.347,31.231,1.0355,M,0.53123,3.9142,4.1588,1.6776,0.29716,58.892,58.892,8.1150,2248.3,376.3,11.488
627.0,68.976,35.831,1.3770,M,0.24861,3.5638,3.7866,0.81655,0.25557,79.819,79.819,24.343,4615.2,789.9,22.274
628.0,66.016,40.779,1.3163,M,0.17682,3.7295,3.9626,0.67742,0.21352,88.877,88.877,36.907,6085.3,1060.4,32.378
629.0,70.233,43.008,1.1557,M,0.24646,3.5901,3.8145,1.0487,0.19939,80.091,80.091,25.070,4652.5,796.6,22.199
630.0,70.418,35.646,0.95085,M,0.25935,3.2516,3.4548,0.97267,0.22657,83.492,83.492,22.518,4488.6,763.5,19.275
631.0,79.414,40.127,0.78929,M,0.14736,3.5672,3.7902,0.67164,0.20011,98.578,98.578,44.895,7066.6,1239.0,36.732
632.0,113.2,35.782,1.7887,F,0.23982,4.2664,5.2833,0.82287,0.32757,72.283,72.283,26.505,4562.4,791.8,30.237
633.0,39.319,39.215,1.2415,M,0.15638,2.4895,2.6450,0.58746,0.16047,119.2,119.2,40.113,7242.7,1245.6,24.472
634.0,63.974,39.763,1.4184,M,0.22040,2.8425,3.0201,0.79948,0.22137,96.441,96.441,26.723,5267.5,897.1,19.879
635.0,110.8,35.653,0.90927,M,0.22463,4.3171,4.5869,0.85680,0.29093,74.022,74.022,28.834,4884.4,847.6,29.511
636.0,95.961,41.595,1.1385,M,0.22557,3.8863,4.1292,0.93158,0.24688,78.927,78.927,28.427,4963.2,856.7,26.309
637.0,107.8,36.743,1.0721,M,0.34809,5.1857,5.5098,1.2891,0.29480,55.789,55.789,17.715,3282.8,562.8,22.926
638.0,58.392,46.771,0.84886,F,0.094307,3.1495,3.9001,0.56758,0.12644,124.9,124.9,66.705,9646.6,1715.2,54.556
639.0,88.311,46.580,0.89924,M,0.31854,3.8288,4.0681,1.6197,0.19095,70.047,70.047,18.283,3671.3,623.1,18.125
640.0,117.6,42.108,1.0729,F,0.31102,2.9889,3.7013,1.5346,0.23293,83.805,83.805,17.443,3794.4,640.6,15.881
641.0,94.874,43.676,1.1650,F,0.16049,3.5726,4.4241,0.79825,0.20363,94.864,94.864,41.100,6489.4,1137.6,36.766
642.0,69.296,42.335,1.3339,M,0.30902,4.0215,4.2728,1.2257,0.21220,68.477,68.477,19.216,3755.1,639.7,19.927
643.0,64.675,52.780,1.0063,F,0.33459,2.2103,2.7371,2.1482,0.12588,102.2,102.2,12.770,3573.3,597.6,10.757
644.0,154.2,47.250,1.0508,M,0.20687,4.2711,4.5381,1.0077,0.27673,77.455,77.455,32.015,5233.7,911.3,31.207
645.0,73.478,39.603,0.72631,F,0.14097,3.0337,3.7567,0.75384,0.16293,110.5,110.5,47.053,7457.4,1305.6,35.386
646.0,85.490,45.066,1.3686,M,0.15918,3.8306,4.0700,0.66820,0.22691,91.356,91.356,41.330,6548.9,1147.8,36.707
647.0,72.810,48.100,0.98057,F,0.21515,3.2601,4.0371,1.2640,0.14750,90.210,90.210,29.893,5247.4,903.6,24.785
648.0,90.619,42.320,0.69338,F,0.17336,2.9536,3.6576,1.0120,0.16888,104.1,104.1,37.868,6386.0,1106.1,27.878
649.0,61.789,33.897,0.69842,M,0.18618,3.3502,3.5596,0.74271,0.19721,93.060,93.060,34.608,5967.6,1032.3,27.543
650.0,74.773,34.941,0.92483,F,0.15547,3.7447,4.6372,0.66526,0.20572,92.679,92.679,41.746,6546.0,1150.8,40.195
651.0,60.102,44.519,1.2222,M,0.16410,3.7027,3.9341,0.70934,0.17907,92.252,92.252,40.197,6459.1,1129.0,34.351
652.0,57.439,43.581,1.1554,M,0.11237,3.6230,3.8494,0.48496,0.17463,107.9,107.9,56.728,8462.3,1498.7,49.089
653.0,68.120,36.782,1.3123,M,0.21994,4.0100,4.2606,0.75619,0.24236,77.838,77.838,29.032,5034.7,871.5,28.221
654.0,113.9,43.508,1.0910,F,0.21446,3.5916,4.4477,1.0886,0.22226,84.834,84.834,30.305,5174.5,895.5,27.626
655.0,84.458,38.678,1.2630,F,0.19582,3.8090,4.7168,0.83082,0.22291,84.236,84.236,33.260,5492.2,957.1,32.480
656.0,104.2,42.572,0.84193,M,0.23563,4.4680,4.7473,1.1162,0.22598,71.520,71.520,27.833,4674.6,810.6,28.707
657.0,80.346,46.776,1.4392,F,0.32103,2.9790,3.6891,1.5869,0.18578,83.184,83.184,16.597,3683.1,621.0,15.333
658.0,87.943,48.388,0.56946,M,0.16006,3.5027,3.7216,1.0048,0.15428,97.190,97.190,42.056,6684.6,1167.1,32.661
659.0,77.411,36.766,1.1617,F,0.18843,3.7539,4.6486,0.78162,0.21659,86.171,86.171,34.534,5675.5,990.1,33.323
660.0,85.166,43.906,0.56508,M,0.14118,3.4135,3.6268,0.80184,0.16734,103.6,103.6,47.486,7387.4,1295.4,36.251
661.0,92.651,38.864,0.83721,F,0.14812,3.9678,4.9135,0.73636,0.20091,91.337,91.337,43.814,6653.6,1174.5,44.245
662.0,77.785,44.766,1.2467,F,0.19169,3.5889,4.4443,0.95424,0.18100,88.511,88.511,34.285,5663.5,985.3,30.921
663.0,81.075,40.627,0.61494,M,0.17564,3.7904,4.0273,0.89027,0.18215,88.915,88.915,37.887,6104.8,1065.1,32.546
664.0,89.989,45.885,1.3401,F,0.16793,3.3896,4.1975,0.83528,0.19738,96.405,96.405,39.287,6356.8,1109.7,33.338
665.0,76.196,45.643,0.84533,F,0.13492,2.9735,3.6822,0.79248,0.15154,114.1,114.1,49.430,7747.8,1357.9,36.049
666.0,59.664,40.175,0.76066,M,0.18928,2.9541,3.1388,0.87580,0.16657,100.1,100.1,33.391,6006.7,1031.8,23.660
667.0,59.539,41.792,1.3368,F,0.16562,2.8139,3.4846,0.74683,0.17071,108.6,108.6,39.026,6678.0,1156.6,28.245
668.0,92.477,39.577,1.2514,M,0.19672,4.2000,4.4625,0.74403,0.26378,79.264,79.264,33.159,5454.2,950.9,32.804
669.0,77.615,43.560,0.99591,F,0.25663,2.6653,3.3005,1.3495,0.17112,96.366,96.366,21.993,4577.2,774.9,17.095
670.0,119.9,42.177,1.1333,M,0.21936,5.7908,6.1527,0.92097,0.27691,62.614,62.614,29.833,4629.9,814.4,40.266
671.0,79.712,40.437,1.0689,M,0.14790,4.6229,4.9118,0.60692,0.22275,83.427,83.427,43.189,6499.7,1149.8,47.750
672.0,78.719,41.168,0.94503,M,0.13910,4.1889,4.4507,0.60913,0.20721,91.054,91.054,46.440,7002.9,1237.7,45.807
673.0,66.400,45.099,1.1592,M,0.12940,3.3518,3.5613,0.57838,0.18365,107.6,107.6,50.878,7895.5,1388.0,39.351
674.0,100.3,32.827,0.98209,F,0.15658,3.2591,4.0359,0.61324,0.26729,100.7,100.7,41.385,6755.8,1180.6,34.973
675.0,72.974,47.741,0.89987,M,0.20822,3.2929,3.4987,1.0865,0.16630,90.422,90.422,30.629,5453.3,937.3,23.814
676.0,45.897,38.240,1.0079,M,0.10731,3.8333,4.0729,0.42426,0.16703,105.3,105.3,57.666,8520.1,1512.6,54.709
677.0,62.761,31.115,1.0060,M,0.34014,3.9587,4.2061,1.0815,0.24973,66.664,66.664,16.510,3441.3,583.7,18.135
678.0,64.135,41.594,0.87170,M,0.12899,2.8045,2.9798,0.58849,0.17627,120.2,120.2,51.280,8293.5,1447.4,32.990
679.0,93.678,44.219,0.80439,M,0.19185,4.2010,4.4636,0.96239,0.20040,80.672,80.672,34.685,5569.7,972.4,33.043
680.0,76.638,28.847,0.77524,M,0.42701,3.8419,4.0820,1.3809,0.27618,63.315,63.315,11.564,2781.1,467.5,13.999
681.0,58.940,42.247,0.68630,M,0.18878,2.5539,2.7135,0.95731,0.15089,109.7,109.7,32.252,6128.9,1045.6,20.403
682.0,138.9,45.818,1.5957,M,0.29588,4.6487,4.9392,1.1937,0.31429,63.621,63.621,21.233,3836.5,659.3,24.029
683.0,72.165,39.860,0.97327,M,0.14391,3.0716,3.2635,0.60231,0.20597,108.7,108.7,45.666,7461.5,1301.0,32.563
684.0,102.6,44.977,1.1036,M,0.19327,5.2950,5.6259,0.87729,0.23372,69.632,69.632,33.934,5198.7,915.9,41.582
685.0,86.186,35.881,0.95593,M,0.20181,3.1635,3.3612,0.76065,0.25393,93.280,93.280,30.980,5624.5,966.6,24.091
686.0,81.582,46.375,0.94482,M,0.15674,3.8922,4.1355,0.77881,0.18650,91.475,91.475,42.403,6600.9,1158.7,37.491
687.0,114.8,47.075,0.83630,M,0.22793,3.6521,3.8803,1.2042,0.21448,81.967,81.967,28.082,4972.7,855.2,24.111
688.0,85.257,36.693,1.2323,M,0.21613,3.5005,3.7193,0.75879,0.27089,85.228,85.228,28.994,5225.0,899.4,25.027
689.0,79.658,34.272,0.59949,F,0.13627,4.0185,4.9763,0.67155,0.18541,93.218,93.218,46.822,6996.0,1238.8,48.735
690.0,96.046,37.883,1.0613,F,0.24042,3.6038,4.4627,1.0648,0.23035,80.907,80.907,26.282,4696.6,808.5,24.951
691.0,66.487,38.298,0.86809,M,0.12152,4.7968,5.0966,0.50873,0.19621,87.240,87.240,49.762,7222.1,1285.5,60.222
692.0,54.260,42.896,0.98458,M,0.14859,2.7220,2.8922,0.66932,0.16178,115.7,115.7,43.810,7458.8,1291.3,27.818
693.0,68.762,39.536,0.77796,M,0.14982,3.6375,3.8649,0.67581,0.18575,96.755,96.755,44.123,6944.7,1217.7,36.865
694.0,71.785,38.080,1.4396,M,0.30336,3.8486,4.0891,1.0453,0.24940,70.754,70.754,19.240,3832.0,652.2,19.634
695.0,78.712,42.192,0.89442,M,0.19719,4.1274,4.3854,0.90467,0.19777,80.473,80.473,33.495,5472.3,953.4,31.748
696.0,77.473,37.599,0.94801,F,0.23672,2.8567,3.5376,1.0847,0.19616,94.478,94.478,25.169,4899.0,834.8,20.040
697.0,57.815,41.485,1.3678,M,0.10441,2.8523,3.0306,0.40158,0.19671,128.4,128.4,62.046,9621.5,1694.2,41.922
698.0,74.308,37.468,1.3807,M,0.37928,3.7348,3.9682,1.3049,0.25493,66.956,66.956,13.740,3119.1,525.7,15.241
699.0,86.430,41.671,0.77676,F,0.19914,2.8013,3.4690,1.0961,0.17417,102.0,102.0,31.636,5727.3,982.8,23.093
700.0,97.706,36.335,0.93564,M,0.23645,4.4003,4.6753,0.91041,0.26764,71.730,71.730,27.310,4669.2,809.0,28.557
701.0,99.285,43.943,0.66073,F,0.20111,3.5049,4.3403,1.2439,0.16819,88.571,88.571,32.835,5483.1,950.7,28.430
702.0,88.073,40.060,1.0999,M,0.20127,3.3521,3.5616,0.80914,0.24113,90.245,90.245,31.602,5591.6,963.7,25.478
703.0,78.071,37.542,0.81518,M,0.19348,2.9577,3.1426,0.81188,0.21518,99.012,99.012,32.330,5890.3,1010.9,23.319
704.0,76.190,39.197,1.0129,M,0.24390,3.7122,3.9442,0.98802,0.21972,78.706,78.706,25.565,4674.4,802.1,23.272
705.0,71.194,38.137,1.5691,M,0.20839,3.6364,3.8636,0.69645,0.25589,84.324,84.324,30.376,5353.8,924.8,27.074
706.0,95.514,40.484,0.76794,M,0.16055,3.7314,3.9646,0.74622,0.21876,92.806,92.806,41.291,6556.4,1147.6,35.226
707.0,71.561,37.475,0.67464,M,0.21603,3.5242,3.7445,0.97098,0.19085,85.331,85.331,29.512,5229.2,900.2,24.775
708.0,69.306,34.429,0.67658,M,0.15233,3.2720,3.4765,0.62514,0.20511,102.2,102.2,43.094,7037.9,1227.5,32.814
709.0,55.783,41.551,1.0133,M,0.18779,3.8518,4.0925,0.80911,0.17193,85.403,85.403,34.984,5769.5,1004.2,31.233
710.0,77.096,39.849,1.2338,M,0.27531,4.2634,4.5299,1.0544,0.23402,68.914,68.914,22.668,4130.3,709.4,23.773
711.0,72.029,35.217,1.2429,F,0.22382,2.8941,3.5839,0.86496,0.22283,95.296,95.296,26.949,5139.7,878.8,21.750
712.0,83.807,35.926,1.3990,F,0.23675,3.8624,4.7830,0.89411,0.24929,77.588,77.588,26.792,4700.1,812.5,27.495
713.0,80.172,41.356,1.0344,F,0.24825,3.3983,4.2083,1.2182,0.18691,83.136,83.136,25.049,4607.9,789.7,22.629
714.0,47.730,36.674,0.99159,M,0.20868,2.6849,2.8527,0.79407,0.17759,102.1,102.1,28.276,5565.6,947.7,19.760
715.0,66.238,40.400,1.1372,F,0.21397,2.3394,2.8970,0.98866,0.17738,111.6,111.6,26.827,5467.2,927.7,18.147
716.0,67.056,34.777,1.4895,F,0.24221,3.2641,4.0421,0.86336,0.23161,85.594,85.594,25.051,4723.9,809.3,22.826
717.0,87.679,32.234,0.81327,F,0.23636,2.9858,3.6974,0.97419,0.23458,91.716,91.716,25.442,4881.2,833.6,21.140
718.0,56.237,33.813,1.0077,M,0.41075,2.6341,2.7988,1.4254,0.21448,84.737,84.737,9.3757,2914.4,486.9,9.9192
719.0,79.312,51.942,0.78047,F,0.12034,3.0308,3.7531,0.83513,0.13132,118.1,118.1,55.499,8367.7,1474.8,40.860
720.0,85.709,26.330,0.75685,M,0.31727,3.9928,4.2424,0.93978,0.32207,67.827,67.827,18.154,3664.0,623.5,19.738
721.0,96.557,36.945,1.1287,F,0.20637,3.2499,4.0245,0.86974,0.24281,91.270,91.270,30.812,5428.2,936.7,26.310
722.0,79.467,39.996,0.72731,M,0.23205,4.0728,4.3273,1.0866,0.19485,76.062,76.062,27.927,4812.9,831.5,26.589
723.0,50.576,45.128,1.2691,F,0.099504,2.1139,2.6178,0.49626,0.14020,157.6,157.6,66.359,10595.1,1853.7,35.082
724.0,62.862,37.370,0.84637,M,0.22753,2.6775,2.8448,0.93693,0.19300,99.245,99.245,25.149,5145.1,872.7,17.973
725.0,95.344,40.002,1.0596,M,0.30845,3.9117,4.1561,1.2554,0.24956,69.763,69.763,19.098,3771.5,641.7,19.384
726.0,178.5,38.371,0.84569,F,0.37191,5.2125,6.4548,1.8171,0.30075,54.666,54.666,16.821,3066.5,526.1,23.175
727.0,67.254,38.228,1.1234,M,0.17327,3.2206,3.4219,0.65763,0.21790,97.919,97.919,37.222,6372.5,1104.0,28.551
728.0,52.381,36.126,1.0361,F,0.13479,2.3846,2.9530,0.57273,0.16799,129.9,129.9,47.984,8139.9,1412.4,29.539
729.0,71.146,34.085,1.1532,F,0.16414,3.4013,4.2120,0.63009,0.22270,96.235,96.235,39.409,6450.7,1127.1,34.875
730.0,76.121,42.371,0.77539,F,0.12801,3.3177,4.1084,0.71763,0.15868,108.4,108.4,51.356,7787.1,1373.4,42.503
731.0,131.1,46.342,1.0398,F,0.23460,5.0987,6.3139,1.2962,0.22175,66.072,66.072,28.330,4470.6,783.0,35.670
732.0,63.982,43.822,1.3107,M,0.23616,3.5095,3.7289,0.97805,0.19391,82.523,82.523,26.271,4843.0,830.1,22.688
733.0,87.098,35.528,0.56040,M,0.27784,4.8081,5.1087,1.2647,0.21157,64.034,64.034,23.230,4028.6,695.5,26.261
734.0,70.882,42.379,1.7231,M,0.32338,3.3797,3.5909,1.1672,0.23634,75.438,75.438,16.655,3647.2,615.9,16.115
735.0,82.092,46.025,0.94649,F,0.22078,3.4242,4.2403,1.2543,0.16370,86.605,86.605,29.224,5094.4,878.3,25.415
736.0,78.587,37.889,1.0859,F,0.14332,2.9188,3.6145,0.62942,0.20640,111.9,111.9,45.632,7426.3,1296.8,33.921
737.0,132.8,44.206,0.97640,M,0.25594,4.8523,5.1556,1.1940,0.26462,65.830,65.830,25.602,4303.5,746.3,28.728
738.0,71.124,36.060,0.93912,F,0.19029,2.5323,3.1359,0.83714,0.19429,110.3,110.3,32.226,6029.2,1032.1,22.163
739.0,102.1,31.488,0.71995,M,0.41909,4.7929,5.0924,1.5288,0.28997,54.827,54.827,13.407,2798.0,474.1,17.620
740.0,97.013,46.397,0.66470,F,0.17851,4.1426,5.1300,1.1670,0.15697,83.682,83.682,37.517,5777.2,1014.8,37.753
741.0,97.405,45.904,1.1001,M,0.19061,3.0343,3.2239,0.88517,0.22150,98.213,98.213,33.322,5948.5,1022.8,24.128
742.0,60.752,39.338,1.0891,F,0.19852,2.6830,3.3224,0.90624,0.17064,104.7,104.7,31.091,5769.4,988.3,22.449
743.0,74.039,34.090,0.82694,M,0.22370,3.8050,4.0428,0.84298,0.23225,80.043,80.043,28.426,5012.3,864.7,26.142
744.0,78.282,40.243,0.76751,M,0.17974,3.8139,4.0523,0.83033,0.19577,87.578,87.578,36.791,5985.6,1043.4,32.172
745.0,110.8,42.553,0.90208,M,0.24159,4.3549,4.6271,1.1149,0.24042,71.873,71.873,26.918,4601.2,796.0,27.331
746.0,74.013,38.957,0.75954,F,0.28496,2.9309,3.6294,1.4727,0.16931,87.349,87.349,19.706,4124.7,698.1,16.947
747.0,98.295,36.549,0.52176,F,0.19660,3.6626,4.5356,1.0924,0.18612,86.779,86.779,33.638,5531.5,962.2,30.567
748.0,70.320,48.701,1.3603,M,0.082986,2.9387,3.1224,0.37907,0.18586,137.7,137.7,75.544,11061.0,1964.5,53.727
749.0,110.5,42.107,1.1076,F,0.26341,5.0607,6.2669,1.2843,0.22728,63.351,63.351,24.959,4098.0,713.8,31.773
750.0,84.021,38.785,1.0014,M,0.29814,3.0834,3.2761,1.1994,0.23437,82.471,82.471,18.059,3959.5,668.3,15.821
751.0,89.978,42.478,1.0500,M,0.15730,4.1767,4.4378,0.68462,0.22555,87.112,87.112,41.693,6446.9,1134.4,40.406
752.0,85.972,39.835,1.4594,M,0.22337,3.9771,4.2257,0.80324,0.26576,77.861,77.861,28.590,4980.0,861.1,27.462
753.0,47.822,42.279,0.90347,F,0.20137,2.9310,3.6296,1.0639,0.12805,98.694,98.694,31.488,5636.5,968.8,23.951
754.0,90.250,36.422,0.82936,F,0.18082,2.9636,3.6699,0.84210,0.21117,101.8,101.8,35.636,6157.3,1064.5,27.187
755.0,49.877,43.956,0.84587,M,0.14253,2.4861,2.6415,0.69728,0.14176,124.4,124.4,45.523,7845.5,1355.0,26.357
756.0,65.328,36.918,1.7926,M,0.38067,3.3083,3.5151,1.1696,0.26459,72.778,72.778,12.671,3123.2,524.6,13.584
757.0,86.757,31.225,0.98205,F,0.27505,3.1067,3.8471,1.0216,0.25869,84.727,84.727,20.891,4238.1,720.3,19.062
758.0,60.674,40.230,1.0110,M,0.17511,2.5132,2.6702,0.72970,0.18679,113.7,113.7,35.095,6559.2,1122.4,21.902
759.0,60.967,38.690,1.2579,F,0.14330,3.2917,4.0763,0.60912,0.18364,103.6,103.6,45.414,7198.2,1263.1,38.351
760.0,70.537,34.958,0.87232,M,0.38146,2.7193,2.8893,1.4471,0.22420,84.083,84.083,11.071,3133.6,524.1,10.951
761.0,89.151,34.599,0.88660,F,0.16963,3.8421,4.7579,0.72972,0.22696,88.360,88.360,38.433,6105.2,1070.8,37.784
762.0,100.5,40.723,0.80190,M,0.20982,3.9308,4.1764,0.96564,0.22772,80.855,80.855,31.158,5260.9,911.8,28.410
763.0,65.366,37.848,1.7137,M,0.21481,3.2763,3.4811,0.68915,0.25350,88.810,88.810,28.585,5298.9,909.6,23.747
764.0,84.439,42.424,0.92444,F,0.18009,4.0144,4.9712,0.94676,0.17987,84.603,84.603,36.766,5783.2,1013.9,36.691
765.0,126.4,45.151,0.96044,M,0.25828,3.8101,4.0482,1.2398,0.24985,75.965,75.965,24.155,4435.1,759.8,22.315
766.0,64.726,37.423,1.2266,F,0.24629,2.5035,3.1002,1.0201,0.19522,101.7,101.7,22.459,4773.0,807.7,17.005
767.0,104.4,46.919,0.66611,M,0.34557,5.2081,5.5336,1.9804,0.18701,56.158,56.158,18.300,3308.2,567.2,22.587
768.0,89.705,40.062,0.63062,M,0.17376,3.6911,3.9218,0.85965,0.19808,90.682,90.682,38.215,6192.3,1079.6,32.079
769.0,127.2,38.098,0.90958,M,0.25230,3.4433,3.6585,1.0323,0.29418,81.429,81.429,23.959,4577.9,781.5,20.853
770.0,59.924,39.936,0.99361,F,0.12084,3.1706,3.9262,0.58005,0.16097,113.3,113.3,53.714,8209.2,1448.0,43.435
771.0,65.411,41.220,0.89683,M,0.25117,2.7974,2.9722,1.1231,0.18196,93.252,93.252,22.315,4680.1,792.0,16.920
772.0,70.553,41.508,1.0214,M,0.22254,5.5460,5.8927,0.95497,0.19824,64.002,64.002,29.568,4640.5,814.5,37.958
773.0,87.964,43.977,0.81083,F,0.14052,2.8681,3.5517,0.80589,0.16890,114.8,114.8,47.384,7583.3,1324.6,33.430
774.0,92.287,35.453,1.5059,M,0.32072,3.9338,4.1797,1.0074,0.31722,68.299,68.299,17.863,3633.9,617.7,19.133
775.0,41.157,42.147,0.77330,F,0.15688,2.1329,2.6413,0.87545,0.11098,132.3,132.3,39.813,7301.9,1250.9,22.301
776.0,74.165,50.302,0.75295,M,0.16650,3.1800,3.3788,0.98138,0.14863,101.2,101.2,39.863,6613.6,1147.3,28.586
777.0,70.080,42.163,1.0196,M,0.15780,3.8868,4.1298,0.68893,0.19408,90.962,90.962,41.773,6566.3,1152.0,37.476
778.0,47.615,41.313,0.88868,M,0.13975,3.3558,3.5655,0.62852,0.15005,104.4,104.4,47.306,7466.6,1308.6,36.465
779.0,82.979,41.646,0.81104,F,0.18737,3.4171,4.2315,1.0143,0.17291,92.213,92.213,35.174,5828.7,1012.9,29.966
780.0,74.581,42.576,1.0903,M,0.18754,3.3062,3.5129,0.80685,0.20430,93.701,93.701,34.411,5947.9,1027.9,26.847
781.0,87.472,43.014,0.69391,F,0.20536,4.1995,5.2004,1.2193,0.16262,78.528,78.528,32.487,5187.4,906.2,33.429
782.0,74.401,39.472,1.4127,M,0.16772,3.0312,3.2207,0.60460,0.24348,102.8,102.8,38.166,6614.9,1144.5,27.870
783.0,50.783,38.741,0.95040,M,0.15162,2.5868,2.7485,0.62123,0.17107,118.1,118.1,42.194,7395.1,1275.9,26.066
784.0,103.9,27.474,0.98715,M,0.50919,3.7966,4.0339,1.4289,0.38075,60.881,60.881,8.5038,2344.6,392.6,11.756
785.0,107.9,41.232,1.4777,M,0.25655,5.5482,5.8949,0.95247,0.29427,60.268,60.268,25.401,4169.3,727.3,33.274
786.0,76.641,35.401,1.6221,M,0.20908,3.9317,4.1774,0.63780,0.29279,80.036,80.036,30.346,5261.3,912.0,29.412
787.0,78.830,29.603,0.94469,F,0.42048,2.8243,3.4975,1.4974,0.25501,80.465,80.465,10.174,2841.0,475.4,11.378
788.0,79.415,35.926,1.1074,M,0.31133,3.8076,4.0455,1.1122,0.25530,70.628,70.628,18.531,3746.6,636.6,18.873
789.0,58.224,37.812,1.1982,M,0.15366,3.7320,3.9652,0.56278,0.20743,93.658,93.658,42.348,6760.9,1185.1,37.407
790.0,100.5,41.559,1.2644,M,0.26431,4.7804,5.0792,1.0488,0.26412,65.340,65.340,24.387,4199.6,726.6,27.694
791.0,87.753,36.376,0.66576,M,0.23736,4.1895,4.4513,1.0389,0.22101,74.008,74.008,27.223,4699.1,812.1,26.850
792.0,55.560,38.095,1.2574,M,0.18170,4.3529,4.6249,0.65880,0.20383,79.849,79.849,35.799,5738.2,1005.3,36.926
793.0,79.734,42.346,1.1409,F,0.26939,3.1756,3.9325,1.3068,0.18847,84.353,84.353,21.993,4315.4,734.5,19.501
794.0,100.1,42.496,1.2684,M,0.29495,4.3550,4.6271,1.1969,0.25753,66.316,66.316,20.973,3880.4,664.9,22.573
795.0,64.849,38.237,0.97525,M,0.21430,3.1249,3.3202,0.85762,0.20227,91.961,91.961,28.743,5348.6,915.9,22.314
796.0,63.714,39.475,1.0203,M,0.22589,3.5698,3.7929,0.91945,0.19681,83.050,83.050,27.864,5021.4,863.2,24.155
797.0,80.736,35.926,0.92309,F,0.22051,2.7907,3.4558,0.97249,0.20883,98.288,98.288,27.396,5232.8,893.7,21.073
798.0,79.999,26.556,0.49454,M,0.23206,3.7802,4.0165,0.81294,0.26149,79.092,79.092,27.032,4862.1,837.1,25.176
799.0,91.885,35.924,1.3175,M,0.25453,3.7025,3.9339,0.85221,0.29684,77.281,77.281,23.907,4500.4,770.8,22.566
800.0,60.830,36.983,0.79568,F,0.13911,2.3786,2.9455,0.66866,0.16217,129.0,129.0,46.700,7944.8,1376.4,28.304
801.0,120.7,38.135,0.80538,M,0.35962,5.2588,5.5875,1.5413,0.27226,54.764,54.764,17.207,3187.2,545.8,22.275
802.0,60.456,42.541,0.55768,M,0.15869,3.2880,3.4935,0.87593,0.14071,101.0,101.0,42.028,6822.0,1188.0,31.109
803.0,77.457,44.832,0.98756,M,0.34924,3.5015,3.7203,1.6467,0.19061,71.949,71.949,15.260,3386.9,571.0,15.182
804.0,48.371,38.607,1.0910,M,0.15888,2.5711,2.7318,0.61605,0.17566,116.3,116.3,39.705,7112.8,1224.2,24.819
805.0,121.4,42.198,1.0098,M,0.22220,4.5096,4.7915,0.97443,0.26701,72.673,72.673,29.578,4887.6,850.3,30.870
806.0,80.737,32.272,1.0375,M,0.18951,3.9746,4.2230,0.61918,0.28188,82.770,82.770,33.979,5678.2,989.1,32.602
807.0,81.349,36.265,1.0913,M,0.23157,3.3387,3.5474,0.84016,0.25498,85.554,85.554,26.356,4954.1,848.0,22.223
808.0,108.2,40.867,1.5824,M,0.45599,3.8426,4.0828,1.6347,0.30531,62.158,62.158,10.441,2610.8,438.1,13.001
809.0,121.0,33.431,0.74146,F,0.29485,3.2771,4.0582,1.3074,0.26356,80.053,80.053,19.559,3961.7,672.7,18.500
810.0,71.188,33.843,1.2434,M,0.22113,2.8407,3.0182,0.71019,0.26627,96.175,96.175,26.391,5249.1,894.0,19.999
811.0,81.005,40.160,1.1443,M,0.20667,4.9721,5.2828,0.82082,0.23235,70.245,70.245,31.700,5042.4,883.7,36.835
812.0,90.822,39.490,1.2081,F,0.15857,3.8375,4.7521,0.69924,0.22384,90.693,90.693,41.016,6410.5,1127.2,40.297
813.0,99.787,42.330,0.77730,F,0.21062,3.2775,4.0586,1.1784,0.18648,90.575,90.575,30.632,5337.1,920.3,25.522
814.0,74.393,36.799,1.1793,M,0.28396,3.4326,3.6471,1.0165,0.24517,78.025,78.025,20.227,4111.8,698.3,18.652
815.0,95.708,40.169,0.97319,M,0.18422,3.9500,4.1969,0.77737,0.24125,84.703,84.703,35.701,5823.0,1015.5,32.695
816.0,70.905,39.356,1.0650,M,0.25741,3.4578,3.6739,1.0278,0.21368,80.583,80.583,23.330,4493.9,766.6,20.560
817.0,121.6,34.722,1.2262,M,0.61002,4.0172,4.2683,2.0236,0.35331,55.893,55.893,6.4578,1961.7,327.8,10.224
818.0,56.180,37.946,0.71093,F,0.14504,3.6513,4.5215,0.74721,0.14439,97.195,97.195,45.209,6932.3,1221.2,41.488
819.0,114.5,41.127,1.0389,M,0.26305,5.0413,5.3564,1.1107,0.26790,63.489,63.489,24.789,4176.0,724.5,29.221
820.0,96.254,39.560,0.91214,F,0.19458,3.3273,4.1203,0.95463,0.20820,92.232,92.232,33.429,5680.5,984.1,28.268
821.0,59.824,39.805,1.2736,F,0.10577,3.1101,3.8513,0.46120,0.17703,119.7,119.7,59.754,9016.8,1595.8,49.000
822.0,78.266,46.037,1.2149,M,0.25452,3.5619,3.7846,1.1425,0.20144,79.564,79.564,24.055,4527.3,773.7,21.255
823.0,102.9,34.935,0.92678,M,0.35805,4.2931,4.5614,1.3271,0.28669,62.234,62.234,16.020,3263.5,554.0,18.451
824.0,78.200,45.418,0.87361,F,0.12929,2.7920,3.4575,0.74621,0.15659,120.5,120.5,51.546,8127.6,1423.2,35.357
825.0,65.435,37.222,0.83939,F,0.28853,3.2269,3.9960,1.3689,0.17152,81.519,81.519,20.103,4047.4,687.4,18.529
826.0,82.295,40.523,1.1053,M,0.19724,3.7625,3.9977,0.80116,0.22931,84.828,84.828,32.958,5573.1,966.7,29.161
827.0,87.365,45.020,0.91731,M,0.15537,4.8695,5.1738,0.75636,0.19818,79.777,79.777,41.609,6186.6,1095.1,47.374
828.0,78.145,40.590,0.74663,M,0.14591,3.8200,4.0587,0.68727,0.19181,94.978,94.978,45.249,6982.5,1228.1,39.647
829.0,87.385,39.999,1.2053,M,0.29184,3.8997,4.1434,1.1320,0.24877,71.283,71.283,20.508,3965.4,676.3,20.493
830.0,67.047,32.967,0.73096,F,0.26003,3.0221,3.7424,1.1421,0.18794,88.118,88.118,22.554,4474.9,761.3,19.358
831.0,77.751,39.772,0.83433,M,0.26504,4.1059,4.3625,1.1721,0.20368,71.756,71.756,23.747,4293.2,737.3,23.551
832.0,69.518,40.708,0.96927,F,0.17306,3.2568,4.0330,0.85562,0.17057,97.711,97.711,37.973,6266.1,1090.4,31.094
833.0,87.342,40.279,1.1492,M,0.26235,3.4289,3.6432,1.0436,0.24251,80.442,80.442,22.673,4421.3,753.3,20.009
834.0,95.674,45.425,1.1398,M,0.17685,3.3337,3.5421,0.80156,0.22457,95.539,95.539,36.962,6233.7,1080.7,28.613
835.0,54.541,36.572,1.1993,M,0.24419,3.2322,3.4342,0.86299,0.20684,85.581,85.581,24.298,4741.7,808.5,20.443
836.0,113.4,47.219,0.80422,M,0.17426,4.4694,4.7487,0.93720,0.20916,80.846,80.846,38.259,5886.0,1034.6,38.559
837.0,146.9,45.081,1.4411,M,0.45523,5.8151,6.1785,1.8752,0.31811,47.058,47.058,12.983,2553.9,434.7,19.509
838.0,46.608,31.336,1.1288,M,0.16064,3.0059,3.1938,0.49299,0.21714,104.5,104.5,39.495,6854.4,1187.9,29.250
839.0,54.235,46.691,0.70390,M,0.18738,4.0458,4.2986,1.0466,0.13045,83.498,83.498,35.701,5724.7,998.8,32.399
840.0,94.614,43.691,1.1535,F,0.24052,2.6253,3.2511,1.2012,0.20248,99.424,99.424,23.931,4865.5,825.4,18.024
841.0,68.550,37.712,0.88927,M,0.19589,2.8416,3.0192,0.79960,0.20490,101.0,101.0,31.433,5855.5,1002.5,22.168
842.0,79.792,38.914,1.5503,M,0.24005,3.6735,3.9031,0.82334,0.26666,79.432,79.432,25.729,4741.6,814.0,23.692
843.0,62.473,40.508,1.5834,M,0.34396,3.9907,4.2401,1.2213,0.22301,66.154,66.154,16.412,3405.3,577.4,17.913
844.0,72.343,39.545,0.97904,M,0.22414,3.0960,3.2895,0.92822,0.20847,90.987,90.987,27.090,5146.5,879.0,21.088
845.0,97.797,38.941,1.2741,F,0.17648,2.9208,3.6169,0.75169,0.24207,103.5,103.5,36.348,6294.6,1088.8,27.628
846.0,63.104,36.618,1.0832,M,0.18151,3.4216,3.6354,0.66718,0.21671,92.596,92.596,35.510,6065.9,1051.6,29.026
847.0,64.746,32.523,0.72255,M,0.16724,3.6069,3.8323,0.63052,0.21451,92.653,92.653,39.008,6400.5,1116.4,33.145
848.0,59.254,32.453,0.91782,F,0.16154,2.8836,3.5708,0.64099,0.19344,107.6,107.6,39.862,6776.6,1176.3,29.962
849.0,54.471,39.336,0.99602,M,0.15306,3.0614,3.2527,0.62626,0.17852,106.2,106.2,42.691,7114.2,1236.8,30.561
850.0,81.271,36.437,1.0808,M,0.18167,3.3914,3.6033,0.66481,0.25265,93.053,93.053,35.426,6071.5,1052.1,28.754
851.0,70.008,39.237,1.1458,M,0.18816,3.8283,4.0675,0.72875,0.21864,85.399,85.399,34.636,5764.1,1002.8,31.207
852.0,76.181,43.035,0.82359,M,0.21177,3.6836,3.9139,1.0231,0.18422,83.846,83.846,30.605,5282.6,912.2,26.304
853.0,125.3,44.319,1.1751,F,0.20934,3.6589,4.5310,1.0540,0.23698,84.614,84.614,31.206,5258.9,912.0,28.845
854.0,72.803,35.659,1.1360,M,0.25720,2.9369,3.1205,0.90299,0.24682,89.389,89.389,21.786,4559.2,772.5,17.646
855.0,52.626,41.933,1.0974,M,0.16873,2.7010,2.8699,0.71257,0.16948,110.4,110.4,37.496,6711.5,1154.4,24.408
856.0,35.700,40.388,1.4322,F,0.17526,2.2865,2.8315,0.74282,0.13437,121.2,121.2,34.711,6560.2,1122.0,21.787
857.0,74.051,41.755,0.77736,F,0.18148,2.9677,3.6751,1.0008,0.15872,101.9,101.9,35.843,6143.1,1061.9,26.842
858.0,61.073,48.483,1.0768,M,0.34285,3.1540,3.3511,1.7007,0.15752,77.745,77.745,14.825,3463.6,582.3,13.890
859.0,146.2,36.040,1.3764,F,0.29681,4.4357,5.4929,1.1315,0.34277,65.453,65.453,21.056,3802.7,654.6,25.166
860.0,107.5,43.058,1.5583,M,0.26552,3.3446,3.5537,1.0118,0.28613,81.324,81.324,22.054,4382.8,745.6,19.344
861.0,94.790,41.482,1.2550,M,0.25904,3.4630,3.6794,1.0287,0.25491,80.312,80.312,23.139,4467.7,762.0,20.469
862.0,75.913,38.062,0.44201,M,0.14808,3.3364,3.5449,0.79223,0.16601,102.9,102.9,45.136,7169.4,1253.3,33.883
863.0,91.544,35.608,1.1760,M,0.36837,4.1966,4.4589,1.2748,0.28657,62.497,62.497,15.184,3183.6,539.4,17.625
864.0,60.677,43.220,0.95351,M,0.14545,2.8034,2.9786,0.66841,0.16938,114.7,114.7,45.095,7547.6,1309.9,29.231
865.0,86.831,42.217,0.77152,M,0.26974,3.7959,4.0331,1.3085,0.19817,74.889,74.889,22.819,4270.4,729.9,21.275
866.0,121.5,46.222,0.79619,M,0.18359,4.0920,4.3477,0.96894,0.22198,83.508,83.508,36.369,5797.4,1013.0,33.541
867.0,64.852,35.882,1.3212,F,0.30040,2.8839,3.5713,1.1574,0.21009,86.708,86.708,17.855,3926.1,663.0,16.153
868.0,64.571,34.454,0.80636,M,0.22291,3.6349,3.8621,0.85754,0.20988,82.465,82.465,28.332,5063.8,871.8,25.024
869.0,65.065,39.043,1.6255,M,0.31898,2.8960,3.0770,1.0787,0.23984,84.238,84.238,15.596,3722.0,625.8,14.072
870.0,86.682,41.152,1.4974,F,0.17642,3.5059,4.3415,0.75015,0.22585,92.253,92.253,36.955,6066.5,1058.2,33.179
871.0,89.658,44.227,0.92414,M,0.14146,3.1804,3.3792,0.67396,0.20563,107.5,107.5,46.925,7503.8,1311.5,34.024
872.0,101.3,35.349,1.3386,F,0.21246,3.2485,4.0228,0.80181,0.27885,90.094,90.094,29.526,5293.5,912.3,25.770
873.0,77.891,36.870,0.93992,M,0.099862,3.4776,3.6949,0.38985,0.23098,115.0,115.0,62.291,9246.9,1640.5,53.384
874.0,64.248,44.697,0.76606,F,0.12834,2.3948,2.9656,0.76485,0.13508,133.0,133.0,51.733,8474.0,1474.1,30.499
875.0,104.8,40.990,0.76437,F,0.31920,3.8651,4.7863,1.7370,0.19731,70.030,70.030,18.838,3634.3,619.2,19.890
876.0,85.010,44.678,1.1426,F,0.26634,3.8322,4.7455,1.3668,0.18500,75.132,75.132,23.706,4267.9,733.2,23.718
877.0,72.505,42.790,0.66424,M,0.19691,3.1934,3.3930,1.0245,0.16614,94.171,94.171,32.574,5745.8,988.8,24.424
878.0,88.526,43.846,1.4266,M,0.38741,4.0979,4.3540,1.5554,0.24218,62.514,62.514,14.054,3043.2,514.1,16.183
879.0,91.501,35.077,1.1723,M,0.33072,4.2018,4.4644,1.1278,0.29074,64.829,64.829,17.646,3514.3,598.2,19.679
880.0,80.911,44.531,1.1355,M,0.13068,3.8745,4.1167,0.58072,0.20751,97.935,97.935,49.607,7494.3,1323.9,45.060
881.0,94.473,39.976,1.4840,M,0.27346,4.6706,4.9626,0.98093,0.28164,65.233,65.233,23.189,4096.3,706.9,26.349
882.0,49.359,36.507,1.0835,M,0.19397,2.8485,3.0265,0.71062,0.18814,101.0,101.0,31.646,5901.5,1011.1,22.618
883.0,57.568,42.296,0.89273,F,0.11493,2.9444,3.6461,0.61019,0.14214,121.4,121.4,57.064,8702.3,1534.0,42.143
884.0,55.520,42.683,0.69693,F,0.12259,2.6384,3.2672,0.72071,0.12565,127.4,127.4,54.423,8580.2,1502.3,35.203
885.0,84.238,37.452,1.2480,F,0.19970,2.8512,3.5308,0.82246,0.22928,100.3,100.3,31.151,5691.6,977.6,23.895
886.0,65.928,45.866,0.83987,M,0.20557,2.9381,3.1217,1.0548,0.15929,97.395,97.395,30.160,5594.9,957.0,21.541
887.0,60.491,36.846,0.77891,F,0.19584,3.0336,3.7567,0.94520,0.16099,97.447,97.447,32.651,5739.5,989.6,25.634
888.0,46.142,39.340,1.1208,M,0.34075,3.3066,3.5133,1.3343,0.16917,75.342,75.342,15.261,3475.4,585.4,14.873
889.0,62.708,40.052,0.74576,M,0.12164,3.0138,3.2021,0.56512,0.17082,117.8,117.8,54.412,8508.0,1493.1,37.553
890.0,59.070,42.829,1.1662,M,0.22995,3.8249,4.0640,0.97087,0.18147,79.130,79.130,27.737,4896.4,843.8,25.362
891.0,56.220,37.556,1.0019,M,0.17913,2.9254,3.1082,0.69629,0.19144,102.5,102.5,35.292,6300.5,1084.8,25.043
892.0,72.751,43.793,1.0973,M,0.17621,3.7150,3.9472,0.77920,0.19588,89.579,89.579,37.411,6112.8,1065.3,32.051
893.0,71.047,36.841,1.2712,M,0.37379,3.5959,3.8207,1.3027,0.24509,69.048,69.048,13.776,3168.7,533.7,14.875
894.0,80.812,43.055,0.94509,F,0.16809,3.2617,4.0391,0.89027,0.17399,98.860,98.860,39.342,6410.9,1117.2,31.925
895.0,53.914,36.407,0.78443,M,0.26120,4.1192,4.3766,1.0763,0.17619,71.932,71.932,24.104,4344.2,746.7,24.085
896.0,64.258,33.343,0.86113,F,0.14871,2.9125,3.6067,0.62189,0.19253,110.4,110.4,43.759,7220.0,1258.6,32.740
897.0,72.753,37.355,0.98682,M,0.11904,3.5001,3.7189,0.46272,0.22285,107.5,107.5,53.964,8243.4,1455.2,45.086
898.0,97.053,44.545,0.82921,M,0.22573,4.4517,4.7300,1.1283,0.20535,73.003,73.003,29.269,4843.5,841.5,29.766
899.0,58.127,45.099,0.94271,M,0.20370,2.3086,2.4529,0.98342,0.15720,113.7,113.7,27.818,5765.3,976.2,17.139
900.0,100.8,45.141,0.99408,M,0.11994,3.8796,4.1221,0.56824,0.22158,101.2,101.2,53.477,7922.5,1403.6,48.970
901.0,62.492,40.185,0.88296,M,0.20904,3.4211,3.6349,0.91510,0.18092,87.972,87.972,30.475,5400.7,929.9,24.896
902.0,84.256,42.673,0.70810,M,0.28661,3.7383,3.9719,1.4519,0.18643,73.925,73.925,20.972,4051.4,690.0,19.671
903.0,56.151,33.426,0.91153,M,0.12187,3.7277,3.9607,0.43370,0.20895,102.1,102.1,52.006,7941.6,1403.3,47.217
904.0,96.898,42.717,1.6092,F,0.22126,3.0888,3.8251,0.95287,0.23812,91.931,91.931,28.040,5153.7,884.2,23.286
905.0,73.366,34.773,0.98105,F,0.29130,2.6640,3.2989,1.2132,0.20902,92.552,92.552,18.027,4060.2,684.5,15.292
906.0,53.527,42.830,0.73998,M,0.15467,3.1748,3.3732,0.77381,0.14451,104.0,104.0,42.865,7009.8,1220.2,30.978
907.0,98.718,40.657,0.87844,F,0.13257,2.8059,3.4747,0.67901,0.20242,118.6,118.6,49.898,7961.3,1392.7,34.894
908.0,107.0,43.129,1.3006,F,0.24123,3.0278,3.7495,1.1362,0.23078,90.402,90.402,25.065,4788.9,817.5,20.805
909.0,67.937,42.670,0.65623,M,0.14642,3.6777,3.9075,0.76305,0.15964,97.371,97.371,45.501,7045.7,1237.4,37.824
910.0,83.959,41.537,0.60665,M,0.11697,3.9649,4.2127,0.61002,0.18071,101.0,101.0,54.648,7985.8,1417.2,51.044
911.0,93.694,39.018,1.4704,M,0.24232,4.0173,4.2684,0.85008,0.28659,74.932,74.932,25.982,4643.8,800.2,25.620
912.0,101.9,32.633,0.66683,F,0.20661,3.7200,4.6067,0.92900,0.23486,83.938,83.938,31.487,5293.8,919.3,29.940
913.0,89.757,40.730,1.0166,M,0.18715,4.2038,4.4666,0.78850,0.23266,81.051,81.051,35.182,5669.0,990.7,34.255
914.0,65.517,38.755,0.90923,F,0.17527,3.0468,3.7730,0.84238,0.16944,101.3,101.3,37.141,6286.0,1089.8,28.775
915.0,118.8,40.320,1.2464,M,0.25828,4.7632,5.0609,0.99781,0.29928,66.035,66.035,24.978,4281.8,741.6,28.292
916.0,76.948,36.588,0.60067,F,0.19980,2.8440,3.5218,1.0546,0.16962,100.9,100.9,31.561,5698.2,978.4,23.424
917.0,58.865,40.696,0.97820,F,0.18468,2.9058,3.5983,0.90966,0.15523,102.4,102.4,34.767,6071.9,1047.7,26.003
918.0,44.963,35.998,0.80087,F,0.17374,1.9673,2.4362,0.80964,0.14000,134.3,134.3,33.520,6714.0,1140.9,18.782
919.0,76.388,38.491,0.47552,M,0.17853,3.8747,4.1169,0.94055,0.16921,87.256,87.256,37.364,5999.4,1047.0,32.664
920.0,38.773,37.107,0.84008,F,0.086103,2.6090,3.2309,0.40703,0.12648,144.7,144.7,73.448,10960.5,1942.0,50.213
921.0,92.917,41.388,1.2469,M,0.36435,3.8322,4.0717,1.4469,0.25193,66.719,66.719,14.895,3236.8,546.7,16.104
922.0,85.070,33.654,1.1123,M,0.38578,3.7569,3.9917,1.2839,0.28538,66.316,66.316,13.407,3068.0,517.0,15.115
923.0,45.921,49.807,1.4921,M,0.24382,2.8507,3.0288,1.1019,0.14616,93.078,93.078,23.501,4805.1,814.7,17.750
924.0,64.384,42.594,0.80047,M,0.15673,3.0375,3.2274,0.75703,0.16688,106.2,106.2,41.996,6998.7,1214.9,29.307
925.0,49.907,34.716,1.0648,M,0.16689,3.1980,3.3979,0.58346,0.19844,99.557,99.557,38.541,6574.1,1140.6,29.621
926.0,66.279,41.338,1.0349,F,0.14893,2.9622,3.6683,0.73032,0.16721,109.7,109.7,44.235,7191.7,1254.7,32.881
927.0,88.999,44.642,1.8411,M,0.21544,4.2231,4.4870,0.80160,0.26214,76.205,76.205,30.069,5072.0,880.9,30.155
928.0,60.805,42.670,1.1067,M,0.21373,3.2245,3.4260,0.91654,0.18174,90.393,90.393,29.201,5341.8,916.2,22.980
929.0,118.9,43.680,0.99923,M,0.44403,4.1446,4.4037,2.0278,0.25329,59.420,59.420,11.518,2672.4,449.5,14.162
930.0,90.176,39.341,0.62512,M,0.14389,3.6911,3.9218,0.70058,0.20189,97.625,97.625,46.051,7124.1,1252.1,38.773
931.0,117.5,41.414,0.76915,M,0.17984,4.3736,4.6469,0.85578,0.24137,80.649,80.649,36.885,5784.6,1014.4,36.807
932.0,88.646,35.854,1.4962,M,0.37439,4.4720,4.7515,1.1930,0.30538,59.542,59.542,15.161,3120.1,529.7,18.609
933.0,111.9,39.437,0.71122,F,0.22106,3.7546,4.6495,1.1861,0.20801,81.671,81.671,29.552,5008.7,867.4,27.923
934.0,72.650,39.120,0.98737,M,0.40696,3.8138,4.0521,1.6609,0.21207,64.634,64.634,12.549,2914.8,490.4,14.321
935.0,55.664,44.426,1.2000,F,0.14260,2.8866,3.5746,0.71422,0.14771,113.3,113.3,46.291,7481.3,1306.2,33.419
936.0,103.6,41.714,0.88242,F,0.24144,2.8881,3.5764,1.2686,0.20297,93.293,93.293,24.760,4809.8,819.1,19.690
937.0,113.3,38.053,0.72925,M,0.24635,4.1385,4.3971,1.0932,0.25337,73.492,73.492,26.017,4564.7,787.0,25.533
938.0,42.532,40.128,1.9084,F,0.15823,2.5757,3.1896,0.59843,0.16694,116.3,116.3,40.079,7035.2,1216.0,27.430
939.0,104.8,38.046,0.65408,M,0.18211,3.6332,3.8603,0.84143,0.23247,89.705,89.705,36.154,5986.7,1040.7,30.247
940.0,93.374,42.663,0.90914,M,0.17644,4.6308,4.9202,0.81410,0.21746,78.372,78.372,37.359,5769.3,1014.8,39.795
941.0,76.099,38.068,0.71563,M,0.18200,4.1526,4.4121,0.81367,0.19895,82.699,82.699,36.330,5809.1,1015.9,34.663
942.0,98.068,43.518,1.5817,F,0.20433,2.8713,3.5557,0.90322,0.23363,99.176,99.176,30.464,5576.7,957.1,23.395
943.0,91.892,44.261,0.84538,M,0.16965,4.5633,4.8485,0.83621,0.20164,80.448,80.448,38.946,5958.8,1049.2,40.630
944.0,99.572,29.827,1.1777,M,0.22701,4.3461,4.6177,0.65076,0.36351,72.741,72.741,27.838,4826.4,837.3,30.121
945.0,97.259,31.485,1.1304,F,0.27491,4.2087,5.2119,0.97741,0.28906,69.465,69.465,22.715,4088.5,704.7,25.937
946.0,101.4,45.308,1.1601,M,0.23410,4.7597,5.0572,1.0511,0.23455,68.946,68.946,28.121,4638.1,806.9,30.880
947.0,57.479,37.596,0.86662,M,0.22368,3.2084,3.4090,0.91884,0.18353,89.047,89.047,27.449,5135.1,878.7,21.911
948.0,92.064,37.876,0.77430,M,0.18787,4.3907,4.6651,0.81124,0.23044,78.870,78.870,35.108,5592.2,979.0,35.582
949.0,102.1,37.861,0.88174,F,0.15326,3.4028,4.2139,0.72689,0.22292,99.359,99.359,42.895,6798.1,1191.5,36.784
950.0,101.2,40.142,1.2907,M,0.23131,4.1000,4.3562,0.87793,0.27723,75.500,75.500,27.696,4814.4,832.2,27.227
951.0,87.130,26.357,1.2739,M,0.43251,4.0324,4.2844,1.0561,0.39449,60.802,60.802,11.460,2739.4,461.2,14.923
952.0,102.5,31.456,1.0286,F,0.24857,3.6135,4.4747,0.91454,0.28815,79.484,79.484,24.927,4557.9,783.6,24.554
953.0,79.093,40.649,1.2704,F,0.16440,3.6158,4.4776,0.73365,0.20389,93.002,93.002,39.816,6350.9,1112.6,36.592
954.0,76.770,41.211,0.76519,F,0.12666,3.2332,4.0038,0.69292,0.16343,110.5,110.5,51.907,7906.7,1393.7,41.918
955.0,103.7,39.491,1.0377,M,0.19601,4.1408,4.3996,0.79312,0.26380,80.232,80.232,33.432,5489.7,956.7,32.304
956.0,63.984,40.408,1.0691,F,0.19357,2.6238,3.2492,0.91545,0.16981,107.2,107.2,31.975,5915.8,1013.5,22.461
957.0,91.621,37.909,1.4946,M,0.39744,3.8520,4.0927,1.3441,0.29340,64.592,64.592,12.990,2978.8,501.8,15.023
958.0,88.957,46.912,1.2597,F,0.20903,2.6504,3.2822,1.0893,0.18713,103.8,103.8,29.165,5522.8,943.1,20.882
959.0,59.479,38.046,0.97526,M,0.18095,3.3276,3.5355,0.72031,0.19325,94.493,94.493,35.713,6116.1,1059.1,28.152
960.0,81.260,37.308,1.1189,M,0.31949,2.8205,2.9968,1.1834,0.24958,85.821,85.821,15.368,3720.7,625.1,13.586
961.0,75.735,33.271,1.1040,M,0.32523,3.2775,3.4824,1.0723,0.26900,76.828,76.828,16.185,3632.8,612.8,15.654
962.0,57.175,49.225,0.80573,F,0.053698,2.9554,3.6598,0.34787,0.11601,154.4,154.4,97.186,13307.6,2387.6,89.577
963.0,89.828,38.220,0.98379,F,0.25558,3.2104,3.9756,1.1754,0.21326,85.259,85.259,23.633,4519.1,771.5,20.854
964.0,84.124,37.510,0.79251,M,0.22448,4.2280,4.4922,0.95110,0.22270,75.189,75.189,28.996,4910.0,851.2,28.712
965.0,77.966,34.668,1.5215,F,0.18628,2.7914,3.4567,0.65655,0.25598,103.9,103.9,33.360,6053.3,1042.3,25.407
966.0,63.956,33.775,0.73866,F,0.11585,3.1042,3.8441,0.52004,0.17886,116.3,116.3,55.565,8501.0,1500.3,44.560
967.0,88.342,41.885,1.5779,F,0.20917,3.1790,3.9367,0.88873,0.22857,92.109,92.109,30.212,5385.8,927.8,25.375
968.0,90.334,41.439,0.96490,M,0.18672,5.2722,5.6017,0.81695,0.22489,70.641,70.641,34.912,5329.2,939.8,42.955
969.0,101.8,46.887,1.2378,M,0.11194,3.8978,4.1414,0.50878,0.23223,103.2,103.2,56.212,8254.1,1465.3,52.844
970.0,70.207,41.056,1.1374,F,0.26042,2.5767,3.1909,1.2239,0.18047,98.082,98.082,21.093,4523.4,764.5,16.403
971.0,72.303,38.162,0.66444,M,0.22062,3.9258,4.1712,1.0167,0.18728,79.316,79.316,29.414,5049.9,873.0,26.983
972.0,59.701,44.433,0.91710,M,0.19802,3.3667,3.5771,0.95076,0.16057,90.900,90.900,32.582,5670.3,978.1,25.719
973.0,78.997,36.796,1.4747,M,0.30359,2.7324,2.9032,0.99976,0.27610,89.041,89.041,16.282,3911.7,657.6,13.982
974.0,52.028,35.551,1.2345,M,0.15022,2.7484,2.9202,0.50966,0.20955,113.7,113.7,42.483,7366.3,1275.3,28.351
975.0,92.308,42.668,0.79090,F,0.23388,3.4631,4.2885,1.3112,0.17776,84.135,84.135,27.298,4842.4,833.0,24.282
976.0,55.683,31.986,1.3719,F,0.22874,2.4371,3.0180,0.76937,0.22000,105.8,105.8,24.385,5117.9,867.9,18.143
977.0,69.107,34.394,1.1011,M,0.20801,3.3099,3.5167,0.71112,0.24581,89.471,89.471,29.955,5442.3,936.0,24.642
978.0,68.732,35.987,1.1462,F,0.19878,2.8955,3.5856,0.81011,0.20554,99.486,99.486,31.417,5701.5,980.3,24.398
979.0,142.8,32.375,0.93619,M,0.29175,5.0123,5.3256,0.99376,0.37825,60.841,60.841,21.673,3834.5,661.9,26.614
980.0,88.568,41.736,0.61815,F,0.11824,4.0020,4.9559,0.70989,0.16200,98.717,98.717,53.004,7652.1,1361.0,55.298
981.0,128.1,35.090,0.87205,F,0.24489,4.5349,5.6158,1.0760,0.27517,69.539,69.539,26.586,4439.9,772.0,30.843
982.0,90.332,37.729,0.93556,F,0.24775,3.1462,3.8961,1.1451,0.21288,87.340,87.340,24.473,4656.7,795.3,21.077
983.0,47.472,47.345,0.85721,F,0.11823,2.2276,2.7586,0.71820,0.11089,143.5,143.5,56.254,9180.2,1597.7,30.764
984.0,67.276,39.171,1.1136,F,0.25602,2.5459,3.1527,1.1538,0.18354,99.402,99.402,21.469,4599.2,777.5,16.533
985.0,78.142,36.208,1.0562,F,0.22997,2.5994,3.2190,0.97255,0.21363,101.4,101.4,25.183,5071.3,861.8,18.879
986.0,70.710,37.740,1.3466,F,0.093294,2.7766,3.4384,0.37655,0.21104,134.2,134.2,67.124,10174.2,1800.7,49.887
987.0,83.572,43.070,0.81572,F,0.090926,3.1966,3.9585,0.50894,0.16792,124.8,124.8,67.867,9793.5,1743.1,57.657
988.0,71.825,39.837,1.5291,F,0.17799,3.6739,4.5496,0.72557,0.21089,89.153,89.153,36.530,5957.1,1040.8,34.572
989.0,83.050,38.219,1.2187,F,0.20071,3.5695,4.4203,0.85211,0.22057,86.945,86.945,32.239,5460.7,947.8,29.696
990.0,123.4,40.708,1.1260,M,0.35239,5.2985,5.6297,1.4283,0.29172,54.886,54.886,17.639,3240.5,555.7,22.989
991.0,82.450,43.630,0.94862,F,0.21276,3.5077,4.3437,1.1412,0.17384,86.440,86.440,30.569,5231.9,904.7,27.105
992.0,108.0,44.954,0.96546,M,0.18596,4.6529,4.9437,0.88679,0.22918,76.656,76.656,35.636,5550.9,974.6,37.865
993.0,78.412,42.446,1.1175,M,0.20586,3.1829,3.3818,0.87467,0.21306,92.432,92.432,30.493,5527.9,949.2,23.566
994.0,117.7,33.548,1.2822,F,0.16142,3.5893,4.4448,0.58569,0.31688,93.355,93.355,39.811,6439.2,1128.2,37.602
995.0,67.239,39.958,1.3226,M,0.16230,3.6724,3.9019,0.60745,0.22093,92.690,92.690,40.211,6519.9,1139.6,34.794
996.0,75.832,35.812,1.2018,M,0.12827,2.9932,3.1803,0.44299,0.25701,114.7,114.7,50.533,8181.3,1431.6,36.108
997.0,72.981,43.225,1.6605,M,0.30107,3.6689,3.8982,1.1251,0.23222,73.246,73.246,19.184,3876.1,658.5,18.741
998.0,64.018,39.082,1.2346,F,0.44583,2.5904,3.2078,1.9288,0.18569,84.985,84.985,8.5223,2685.8,448.6,9.6881
999.0,95.493,37.441,1.2229,F,0.20385,3.9149,4.8480,0.84574,0.24506,81.514,81.514,31.873,5289.9,921.3,32.122
1000.0,93.497,41.710,1.3016,M,0.27065,4.4423,4.7199,1.0664,0.25484,67.683,67.683,23.402,4167.0,717.7,25.144