ID,WT,ALB,SEX,CL,Vc,Vp,Q,CL_typical,Cmax,Cmax_ss,Ctrough,AUC,AUC_tau,thalf
1.0000,80.267,33.479,M,0.20601,2.6349,4.1492,0.81555,0.23917,104.7,104.7,29.913,5485.3,943.8,25.108
2.0000,95.723,48.315,M,0.25636,4.0585,4.5247,0.90293,0.19358,72.896,72.896,24.390,4402.4,757.9,25.166
3.0000,70.387,33.934,M,0.25055,2.8709,3.8895,0.75593,0.21915,92.015,92.015,22.981,4617.1,787.4,20.915
4.0000,60.568,42.834,F,0.13186,2.9380,3.6124,0.69305,0.13965,115.6,115.6,50.239,7908.1,1386.3,36.519
5.0000,50.237,32.444,M,0.18977,3.3225,3.2948,0.62204,0.18738,92.394,92.394,33.278,5911.5,1019.6,26.137
6.0000,94.696,35.663,M,0.13917,2.9783,4.5007,0.89732,0.24933,111.8,111.8,47.544,7330.7,1289.2,39.418
7.0000,88.335,42.423,F,0.13701,3.3462,4.3494,0.86197,0.17512,105.2,105.2,48.385,7352.4,1295.4,40.986
8.0000,79.309,35.507,M,0.29716,3.1830,4.1247,0.80991,0.22588,81.002,81.002,18.635,3924.8,666.8,19.212
9.0000,127.5,42.552,M,0.34026,3.2094,5.2105,1.0658,0.25467,78.118,78.118,16.301,3425.0,582.1,19.399
10.000,85.421,39.850,M,0.19889,4.0380,4.2782,0.84542,0.21366,81.112,81.112,32.979,5460.8,949.9,30.892
11.000,57.091,54.328,F,0.18315,2.1769,3.5088,0.66977,0.11016,123.7,123.7,32.930,6216.3,1066.7,23.897
12.000,65.906,39.946,M,0.15426,4.4677,3.7656,0.72773,0.18354,85.751,85.751,43.411,6635.7,1166.9,38.722
13.000,62.079,43.866,F,0.078204,2.3746,3.6564,0.70299,0.13880,158.4,158.4,80.878,11491.2,2046.3,55.698
14.000,57.286,52.466,M,0.15708,3.5290,3.5147,0.67109,0.13410,96.825,96.825,42.088,6810.3,1188.5,32.999
15.000,67.178,38.787,F,0.19432,2.3033,3.8012,0.73581,0.16138,116.9,116.9,31.180,5850.5,1004.5,24.137
16.000,63.418,34.330,F,0.076195,2.4574,3.6950,0.71172,0.17324,156.6,156.6,82.164,11567.3,2062.5,58.184
17.000,116.8,40.493,M,0.21979,3.2447,4.9895,1.0129,0.25250,89.513,89.513,29.057,5040.6,872.4,28.141
18.000,74.280,40.452,M,0.23314,3.5340,3.9939,0.77982,0.19457,82.270,82.270,26.481,4864.3,836.0,24.402
19.000,71.338,36.998,F,0.14568,2.5921,3.9153,0.76181,0.17395,119.9,119.9,44.951,7341.3,1280.9,33.201
20.000,69.191,33.061,M,0.16500,4.3434,3.8568,0.74847,0.22187,84.463,84.463,40.506,6325.2,1108.9,36.220
21.000,55.765,39.973,F,0.10552,1.9943,3.4685,0.66073,0.14123,158.9,158.9,62.313,9763.9,1714.3,38.277
22.000,78.873,43.892,M,0.14907,2.7458,4.1135,0.80733,0.18788,114.7,114.7,44.088,7126.0,1245.0,34.103
23.000,96.648,39.179,F,0.15836,2.9928,4.5461,0.90797,0.19743,106.3,106.3,41.646,6653.8,1164.2,35.176
24.000,74.201,34.494,M,0.18879,2.8646,3.9918,0.77934,0.22280,102.1,102.1,33.571,5899.1,1019.5,27.359
25.000,74.954,44.571,F,0.17132,2.6199,4.0117,0.78390,0.15268,112.2,112.2,37.417,6427.4,1114.1,29.085
26.000,96.560,36.440,F,0.39022,3.4733,4.5441,0.90749,0.20992,70.185,70.185,12.929,3023.3,510.4,16.407
27.000,95.919,29.729,M,0.31116,3.9296,4.5292,0.90400,0.29342,69.110,69.110,18.681,3717.3,634.0,20.858
28.000,106.7,41.708,F,0.17541,3.0233,4.7719,0.96115,0.19812,101.7,101.7,37.370,6105.0,1065.0,32.999
29.000,74.622,39.507,M,0.28014,4.1515,4.0029,0.78189,0.19907,69.019,69.019,21.374,4101.6,701.5,22.074
30.000,67.431,38.238,F,0.090036,2.4756,3.8083,0.73741,0.16371,147.0,147.0,71.651,10385.0,1843.7,50.608
31.000,76.792,38.343,F,0.19082,2.9991,4.0598,0.79495,0.17607,98.789,98.789,33.384,5819.0,1006.5,27.793
32.000,83.993,36.400,M,0.36524,4.4093,4.2428,0.83722,0.22860,60.071,60.071,15.009,3204.5,543.5,18.329
33.000,65.739,44.878,F,0.13993,3.0770,3.7609,0.72666,0.14070,109.8,109.8,47.336,7484.0,1311.0,35.937
34.000,93.340,34.862,F,0.23703,2.7095,4.4689,0.88987,0.21378,98.268,98.268,25.316,4819.0,826.0,23.288
35.000,74.835,46.734,F,0.081411,3.1520,4.0086,0.78318,0.14649,132.1,132.1,75.419,10421.7,1862.8,63.002
36.000,93.185,37.976,M,0.29267,4.6639,4.4652,0.88901,0.23411,63.302,63.302,20.992,3894.7,668.2,23.464
37.000,63.732,40.872,M,0.30165,3.0445,3.7040,0.71375,0.17653,82.792,82.792,17.503,3892.2,658.9,17.681
38.000,89.174,41.103,F,0.35229,3.2046,4.3696,0.86670,0.18089,76.703,76.703,14.671,3340.2,564.7,17.109
39.000,76.898,38.972,F,0.26854,3.1240,4.0625,0.79559,0.17378,84.857,84.857,21.405,4311.8,735.0,20.711
40.000,63.641,40.563,F,0.13825,3.0499,3.7014,0.71316,0.15054,111.0,111.0,47.908,7576.2,1327.1,35.914
41.000,37.740,39.310,F,0.12868,2.8276,2.8623,0.52725,0.11432,119.6,119.6,51.158,8337.6,1454.1,32.658
42.000,78.998,41.275,M,0.11459,3.6652,4.1168,0.80807,0.19818,107.4,107.4,56.956,8248.8,1463.6,49.005
43.000,74.021,37.206,F,0.082246,2.5015,3.9871,0.77825,0.17686,150.0,150.0,76.518,10822.8,1928.5,56.920
44.000,61.545,44.287,M,0.20435,4.5795,3.6409,0.69949,0.16154,74.539,74.539,32.096,5360.0,930.7,29.598
45.000,62.524,45.325,M,0.30061,4.5313,3.6693,0.70590,0.15983,63.221,63.221,19.495,3849.4,656.5,20.693
46.000,110.3,39.329,M,0.30866,4.0328,4.8524,0.98024,0.25053,68.329,68.329,19.259,3725.6,637.0,21.970
47.000,62.905,40.352,F,0.12318,3.4645,3.6803,0.70838,0.15020,108.3,108.3,53.891,8100.0,1429.0,42.139
48.000,78.017,39.586,M,0.15687,2.7985,4.0915,0.80225,0.20391,111.2,111.2,41.724,6844.5,1193.3,32.641
49.000,101.0,38.811,F,0.12520,4.1393,4.6460,0.93144,0.20417,96.344,96.344,51.909,7457.9,1324.7,50.527
50.000,77.990,42.029,M,0.21605,3.4308,4.0908,0.80210,0.19370,86.458,86.458,29.157,5192.1,895.5,26.180
51.000,82.573,37.046,M,0.22369,3.0735,4.2074,0.82901,0.22298,91.711,91.711,27.551,5061.8,870.4,24.724
52.000,72.707,37.036,M,0.13687,2.5236,3.9521,0.77023,0.20722,124.8,124.8,48.051,7708.5,1348.4,35.055
53.000,118.7,41.283,F,0.43303,3.5202,5.0300,1.0225,0.21263,67.870,67.870,11.380,2729.5,460.3,15.887
54.000,86.517,48.261,F,0.087361,4.6895,4.3051,0.85168,0.15499,103.2,103.2,67.053,8989.3,1613.0,73.086
55.000,83.444,37.516,M,0.25989,2.5073,4.2292,0.83406,0.22194,100.8,100.8,21.700,4465.4,760.4,20.325
56.000,70.224,42.047,M,0.25939,2.6678,3.8851,0.75491,0.18224,95.903,95.903,21.535,4485.0,762.8,19.793
57.000,46.479,37.555,M,0.10755,3.2681,3.1712,0.59471,0.15811,118.9,118.9,61.638,9184.8,1622.4,43.404
58.000,81.014,39.420,M,0.16587,2.8569,4.1681,0.81993,0.20915,107.5,107.5,39.289,6523.9,1135.6,31.546
59.000,63.721,42.034,M,0.15136,2.5446,3.7037,0.71368,0.17233,119.5,119.5,42.833,7186.2,1249.4,30.853
60.000,93.972,39.979,F,0.20454,3.6437,4.4838,0.89335,0.19093,85.298,85.298,31.706,5361.5,930.5,29.568
61.000,88.325,35.348,M,0.22712,3.2065,4.3491,0.86191,0.24131,88.777,88.777,27.329,4970.7,855.5,25.198
62.000,62.425,41.470,F,0.14013,3.3197,3.6664,0.70526,0.14609,105.1,105.1,47.413,7436.8,1303.9,36.541
63.000,88.762,40.391,F,0.40823,3.6012,4.3597,0.86438,0.18313,67.242,67.242,11.990,2897.4,488.4,15.647
64.000,74.280,34.207,M,0.27840,4.9999,3.9939,0.77982,0.22453,61.785,61.785,22.395,4077.6,700.7,24.109
65.000,65.824,37.700,M,0.16649,2.7366,3.7633,0.72720,0.19270,110.1,110.1,38.631,6605.0,1145.3,29.251
66.000,75.795,38.442,F,0.16065,4.2199,4.0338,0.78897,0.17436,86.726,86.726,41.579,6438.2,1130.3,37.432
67.000,70.568,35.822,M,0.16051,3.7395,3.8944,0.75705,0.20955,92.809,92.809,41.387,6572.4,1150.0,34.882
68.000,90.526,40.151,F,0.13254,3.3859,4.4021,0.87427,0.18616,105.8,105.8,49.905,7494.7,1322.8,42.775
69.000,59.613,41.481,F,0.22287,1.8114,3.5842,0.68671,0.14222,133.9,133.9,24.375,5233.2,888.9,19.345
70.000,60.565,41.615,M,0.33557,2.8470,3.6123,0.69303,0.16878,84.295,84.295,14.406,3526.0,594.2,15.593
71.000,94.905,30.926,F,0.38731,3.3920,4.5056,0.89847,0.23910,71.593,71.593,12.962,3047.0,514.3,16.317
72.000,55.405,40.443,F,0.27574,1.9358,3.4574,0.65826,0.13931,120.2,120.2,17.577,4285.0,722.7,16.097
73.000,72.202,42.981,F,0.15821,2.9484,3.9385,0.76713,0.15412,107.3,107.3,41.395,6801.2,1185.3,32.309
74.000,58.260,41.018,F,0.11989,2.9618,3.5440,0.67766,0.14169,119.6,119.6,55.332,8489.0,1493.6,39.674
75.000,74.817,35.102,M,0.20854,2.9425,4.0081,0.78307,0.22055,96.701,96.701,29.741,5411.4,931.5,25.277
76.000,63.618,34.669,M,0.30177,2.4889,3.7008,0.71302,0.20296,96.480,96.480,16.598,3908.1,659.9,16.574
77.000,51.949,45.664,F,0.13147,1.8039,3.3496,0.63421,0.12099,157.2,157.2,48.530,8349.4,1448.2,29.657
78.000,73.450,41.685,M,0.22543,4.1194,3.9719,0.77477,0.18842,75.906,75.906,28.305,4955.2,855.8,26.749
79.000,68.661,37.717,F,0.16001,3.3887,3.8423,0.74516,0.16738,98.318,98.318,41.251,6671.6,1164.7,33.323
80.000,138.8,41.335,F,0.29319,2.8591,5.4316,1.1191,0.23246,89.189,89.189,19.964,3925.5,670.9,21.928
81.000,101.3,36.755,M,0.27186,3.6162,4.6525,0.93297,0.25264,76.892,76.892,22.250,4202.5,720.3,23.163
82.000,58.447,37.132,F,0.21114,3.4477,3.5496,0.67892,0.15455,86.606,86.606,29.495,5352.9,921.1,24.951
83.000,90.241,40.001,M,0.22486,3.1796,4.3953,0.87267,0.21984,89.635,89.635,27.692,5011.4,863.1,25.499
84.000,88.456,38.843,M,0.11908,3.5327,4.3523,0.86265,0.22283,107.6,107.6,54.931,8010.6,1420.0,47.892
85.000,51.743,36.480,F,0.15529,3.9807,3.3431,0.63276,0.14623,91.105,91.105,42.927,6810.7,1191.3,34.465
86.000,77.245,49.033,F,0.12051,3.2639,4.0716,0.79766,0.14320,112.4,112.4,54.746,8149.3,1440.2,44.229
87.000,77.112,35.176,F,0.33379,4.3181,4.0681,0.79686,0.18998,62.860,62.860,16.891,3490.9,593.4,19.310
88.000,87.258,42.255,M,0.20301,5.7671,4.3232,0.85588,0.20574,66.100,66.100,33.101,5143.9,901.9,36.040
89.000,71.257,43.302,F,0.28082,3.6231,3.9131,0.76131,0.15198,75.292,75.292,20.579,4124.0,703.0,20.619
90.000,85.973,42.972,M,0.38118,3.4293,4.2917,0.84857,0.20108,71.130,71.130,13.125,3097.3,522.6,16.196
91.000,125.9,43.972,M,0.16573,5.0381,5.1784,1.0580,0.24584,77.074,77.074,40.021,5904.2,1044.1,44.515
92.000,75.901,45.565,M,0.14977,3.2387,4.0365,0.78961,0.17797,103.7,103.7,44.230,7003.3,1226.5,35.728
93.000,112.1,38.744,F,0.28352,2.9191,4.8897,0.98909,0.21713,88.305,88.305,20.454,4071.0,694.9,21.373
94.000,101.9,38.274,M,0.18334,5.1990,4.6668,0.93634,0.24494,72.938,72.938,36.539,5570.3,979.9,39.014
95.000,146.3,41.030,F,0.30597,3.5892,5.5749,1.1538,0.24120,74.710,74.710,19.629,3739.7,640.6,22.921
96.000,85.295,39.078,F,0.11061,2.8541,4.2751,0.84470,0.18408,125.0,125.0,59.090,8703.7,1541.2,46.843
97.000,78.419,30.722,F,0.092222,3.6723,4.1019,0.80465,0.21535,116.2,116.2,67.568,9380.9,1675.1,60.349
98.000,84.335,48.414,M,0.16709,3.6620,4.2513,0.83919,0.17960,92.296,92.296,39.677,6318.7,1105.4,34.807
99.000,89.822,36.172,M,0.11563,5.5527,4.3852,0.87033,0.23892,85.349,85.349,53.984,7419.0,1326.0,61.168
100.0,84.459,42.141,M,0.24478,4.3892,4.2544,0.83990,0.20237,70.697,70.697,25.984,4575.8,789.7,26.330
101.0,62.769,38.939,M,0.49481,4.0918,3.6764,0.70750,0.18237,57.236,57.236,8.5374,2408.7,403.8,12.881
102.0,102.7,36.345,M,0.15462,5.7649,4.6838,0.94036,0.25709,74.253,74.253,42.587,6128.8,1087.6,48.451
103.0,71.283,41.417,M,0.17325,3.5267,3.9138,0.76147,0.18621,92.945,92.945,37.912,6232.4,1085.5,31.747
104.0,52.815,43.793,F,0.20361,2.6327,3.3769,0.64030,0.12660,104.4,104.4,29.258,5628.9,963.6,22.669
105.0,92.124,36.084,M,0.31554,3.8945,4.4402,0.88315,0.24294,69.116,69.116,18.201,3675.6,626.1,20.327
106.0,76.384,39.250,M,0.14037,4.2123,4.0492,0.79251,0.20290,91.905,91.905,47.402,7077.4,1249.4,42.606
107.0,75.123,37.657,M,0.23229,3.3200,4.0161,0.78492,0.20819,85.793,85.793,26.350,4895.4,840.5,23.971
108.0,56.195,44.526,F,0.24591,2.8471,3.4816,0.66367,0.12938,92.643,92.643,22.962,4725.1,804.2,20.017
109.0,73.637,36.473,M,0.36004,3.3710,3.9769,0.77591,0.21150,72.971,72.971,13.957,3278.1,553.3,16.283
110.0,47.008,43.444,M,0.21001,2.8465,3.1889,0.59861,0.14053,97.689,97.689,28.164,5475.0,936.1,22.038
111.0,47.008,47.694,M,0.17586,1.9201,3.1889,0.59861,0.12976,136.5,136.5,33.431,6523.2,1116.2,22.592
112.0,76.984,41.342,M,0.19081,3.3608,4.0648,0.79610,0.19498,91.999,91.999,33.831,5769.4,1000.3,29.025
113.0,77.965,34.364,M,0.23547,3.4957,4.0902,0.80195,0.23000,82.597,82.597,26.186,4817.4,827.9,24.373
114.0,53.691,40.319,M,0.16862,3.2048,3.4044,0.64641,0.16174,99.295,99.295,38.381,6521.4,1131.0,29.171
115.0,58.789,43.808,F,0.11047,2.2091,3.5598,0.68121,0.13465,146.7,146.7,59.647,9306.3,1634.6,38.515
116.0,100.2,44.450,M,0.11515,3.7778,4.6280,0.92720,0.21346,104.5,104.5,55.929,7983.5,1419.7,52.560
117.0,86.961,41.632,M,0.26340,2.2613,4.3159,0.85420,0.20796,108.7,108.7,21.009,4418.6,751.4,19.756
118.0,72.925,38.715,M,0.13979,4.2882,3.9579,0.77156,0.19987,91.277,91.277,47.627,7102.3,1253.9,42.671
119.0,66.552,41.660,M,0.15765,3.2882,3.7838,0.73184,0.17807,100.7,100.7,41.815,6782.6,1183.7,33.112
120.0,99.320,49.789,M,0.20330,4.1386,4.6076,0.92239,0.19274,79.265,79.265,32.374,5310.0,924.9,31.743
121.0,52.818,35.746,F,0.23773,2.1741,3.3771,0.64032,0.15057,113.9,113.9,22.540,4921.4,834.7,18.595
122.0,58.878,33.842,M,0.26965,3.2118,3.5624,0.68181,0.19812,82.572,82.572,20.773,4318.9,734.3,19.502
123.0,75.911,30.792,F,0.19147,2.9383,4.0368,0.78967,0.21093,99.954,99.954,33.142,5814.0,1004.9,27.420
124.0,56.456,46.425,M,0.24773,2.7503,3.4896,0.66545,0.14761,94.709,94.709,22.552,4698.3,799.0,19.672
125.0,90.498,40.399,M,0.13223,3.2114,4.4014,0.87411,0.21834,109.1,109.1,50.024,7559.7,1333.2,41.997
126.0,79.716,34.421,M,0.19488,3.0796,4.1351,0.81231,0.23264,96.401,96.401,32.710,5697.4,985.5,27.800
127.0,56.973,36.677,F,0.059815,2.3766,3.5052,0.66896,0.15389,173.3,173.3,98.637,13440.8,2408.0,70.370
128.0,63.835,41.123,M,0.17432,2.6328,3.7070,0.71442,0.17577,110.9,110.9,36.322,6386.5,1103.8,27.433
129.0,100.7,38.136,F,0.13529,3.9514,4.6385,0.92966,0.20686,95.956,95.956,48.685,7157.5,1267.0,45.944
130.0,70.344,39.535,F,0.29717,2.3915,3.8883,0.75566,0.16305,100.2,100.2,17.129,3961.8,669.6,17.048
131.0,66.245,39.222,M,0.14403,3.2879,3.7752,0.72989,0.18698,104.5,104.5,46.069,7265.8,1273.0,36.001
132.0,133.9,44.529,M,0.16193,5.2081,5.3375,1.0963,0.25201,76.287,76.287,40.719,5929.2,1050.7,46.913
133.0,84.169,41.969,M,0.23149,2.5632,4.2472,0.83823,0.20267,102.8,102.8,25.636,4950.6,847.5,22.718
134.0,110.7,36.383,M,0.24432,3.8684,4.8604,0.98213,0.26827,76.744,76.744,25.975,4572.9,789.7,26.788
135.0,75.326,39.935,M,0.13796,2.5171,4.0215,0.78614,0.19832,124.6,124.6,47.666,7644.2,1337.2,35.122
136.0,68.657,41.702,F,0.13886,2.6669,3.8422,0.74513,0.15361,120.0,120.0,47.403,7616.4,1331.7,34.693
137.0,36.226,39.397,F,0.12777,1.7797,2.8052,0.51493,0.11144,159.5,159.5,49.053,8725.9,1507.3,27.314
138.0,116.0,40.277,M,0.40992,3.0527,4.9729,1.0089,0.25267,77.045,77.045,11.929,2883.7,486.2,15.876
139.0,63.167,31.818,F,0.33832,2.6331,3.6878,0.71009,0.18443,89.555,89.555,14.000,3501.0,589.5,15.279
140.0,84.936,41.954,M,0.27513,4.2202,4.2662,0.84264,0.20380,68.984,68.984,22.201,4147.9,711.3,23.287
141.0,59.714,32.246,F,0.20033,2.7978,3.5872,0.68738,0.17651,101.1,101.1,30.545,5667.9,973.6,24.266
142.0,75.267,43.464,M,0.17129,1.9326,4.0199,0.78579,0.18440,138.2,138.2,36.270,6540.1,1128.1,26.591
143.0,65.533,35.313,F,0.17379,3.0793,3.7551,0.72534,0.17235,100.6,100.6,37.172,6321.5,1096.5,29.346
144.0,66.152,36.784,M,0.18923,2.2080,3.7726,0.72929,0.19735,121.5,121.5,32.051,6002.6,1030.9,24.299
145.0,132.0,32.078,F,0.38058,5.6815,5.3003,1.0874,0.28048,50.577,50.577,15.756,3023.1,516.8,21.774
146.0,72.179,43.741,M,0.37823,2.9793,3.9379,0.76699,0.17902,79.171,79.171,12.379,3134.7,527.5,14.934
147.0,96.536,47.574,M,0.18996,3.7110,4.5435,0.90736,0.19712,86.915,86.915,34.603,5669.0,987.9,32.128
148.0,79.971,45.689,M,0.26657,4.8341,4.1416,0.81381,0.18300,64.308,64.308,23.635,4233.4,728.9,25.100
149.0,55.056,37.560,M,0.12162,2.9202,3.4467,0.65586,0.17435,120.0,120.0,54.555,8454.0,1485.2,38.348
150.0,62.017,42.915,M,0.34714,2.8940,3.6546,0.70258,0.16667,82.515,82.515,13.754,3411.3,574.5,15.321
151.0,87.602,43.117,F,0.22979,2.8623,4.3316,0.85783,0.17188,95.436,95.436,26.445,4951.6,850.0,23.938
152.0,76.728,38.252,F,0.15811,2.1882,4.0581,0.79457,0.17634,130.1,130.1,40.526,6934.3,1203.2,29.783
153.0,83.276,38.452,F,0.11564,3.2027,4.2250,0.83308,0.18407,115.2,115.2,56.687,8337.3,1476.3,46.587
154.0,83.081,32.576,M,0.55833,3.9598,4.2201,0.83196,0.24975,57.466,57.466,7.1644,2137.5,358.0,12.261
155.0,81.255,34.663,M,0.29515,3.9068,4.1742,0.82134,0.23382,70.483,70.483,19.767,3916.7,668.2,20.958
156.0,62.752,43.908,M,0.10213,2.9701,3.6759,0.70739,0.16457,126.9,126.9,64.083,9397.1,1664.7,47.167
157.0,76.450,36.594,M,0.29033,4.0037,4.0509,0.79291,0.21552,69.694,69.694,20.223,3977.0,678.8,21.172
158.0,87.650,31.153,F,0.11224,4.9193,4.3327,0.85810,0.22693,92.082,92.082,56.139,7787.2,1390.1,58.831
159.0,122.9,37.637,M,0.35771,3.8225,5.1168,1.0433,0.27684,67.553,67.553,15.639,3256.8,553.6,19.425
160.0,155.1,45.586,M,0.24622,3.8433,5.7373,1.1934,0.26889,77.136,77.136,26.200,4470.3,775.1,29.063
161.0,66.971,42.545,F,0.18038,2.5708,3.7955,0.73450,0.14886,111.3,111.3,34.819,6201.1,1070.3,26.721
162.0,84.685,37.357,M,0.12417,4.8684,4.2600,0.84120,0.22465,89.203,89.203,52.123,7386.8,1314.3,52.657
163.0,83.156,32.730,M,0.35741,4.3224,4.2220,0.83239,0.24887,61.361,61.361,15.400,3272.4,555.2,18.493
164.0,94.223,44.005,F,0.16001,2.1166,4.4897,0.89473,0.17618,132.7,132.7,40.286,6792.0,1180.9,31.069
165.0,112.2,42.979,M,0.17033,4.8094,4.8924,0.98974,0.23450,78.358,78.358,39.159,5893.2,1039.0,41.284
166.0,73.835,37.093,F,0.10011,3.7235,3.9821,0.77711,0.17706,112.3,112.3,63.718,8988.8,1601.2,55.248
167.0,97.009,35.247,M,0.16045,3.5964,4.5545,0.90992,0.25537,94.720,94.720,41.393,6461.6,1133.8,37.233
168.0,91.076,34.965,F,0.13475,2.2444,4.4152,0.87733,0.21024,135.0,135.0,48.755,7740.8,1356.5,36.647
169.0,55.448,38.599,F,0.12887,4.0237,3.4587,0.65856,0.14503,98.270,98.270,51.744,7743.8,1366.4,42.011
170.0,102.6,39.382,M,0.22338,5.1396,4.6829,0.94013,0.24000,67.297,67.297,29.695,4812.7,839.2,32.222
171.0,70.231,41.614,F,0.17396,2.0568,3.8853,0.75496,0.15592,131.4,131.4,35.605,6457.8,1113.0,26.124
172.0,65.812,42.233,M,0.24030,3.9897,3.7630,0.72712,0.17487,75.186,75.186,25.793,4722.2,811.5,24.247
173.0,92.747,32.945,M,0.25468,3.4361,4.4549,0.88660,0.26361,81.355,81.355,23.879,4475.5,767.8,23.578
174.0,59.110,42.103,F,0.12816,2.2911,3.5693,0.68336,0.13973,135.8,135.8,51.115,8298.6,1449.4,33.997
175.0,101.3,39.420,F,0.15779,3.3598,4.6527,0.93301,0.20182,99.192,99.192,42.015,6569.8,1152.8,37.286
176.0,77.629,42.882,F,0.19465,2.7882,4.0815,0.79995,0.16103,102.8,102.8,32.307,5747.3,992.0,26.684
177.0,98.186,43.203,F,0.17027,3.0506,4.5816,0.91629,0.18328,102.2,102.2,38.556,6277.6,1095.5,33.241
178.0,85.906,48.620,M,0.10263,2.6506,4.2901,0.84819,0.18087,133.9,133.9,63.181,9218.3,1634.9,49.103
179.0,107.3,43.689,M,0.25833,3.0112,4.7861,0.96453,0.22535,88.892,88.892,23.245,4424.2,758.2,23.161
180.0,76.611,42.875,M,0.16754,2.6035,4.0551,0.79387,0.18848,113.6,113.6,38.438,6540.0,1135.0,29.809
181.0,81.203,35.752,M,0.19009,3.8871,4.1729,0.82103,0.22765,84.509,84.509,34.551,5696.5,991.6,31.318
182.0,114.1,33.521,M,0.43015,5.5237,4.9326,0.99929,0.29274,48.918,48.918,12.960,2716.7,461.1,18.637
183.0,81.192,45.723,M,0.18822,3.2038,4.1726,0.82097,0.18450,95.317,95.317,34.290,5840.1,1012.9,29.268
184.0,121.3,45.560,M,0.24699,5.4328,5.0841,1.0354,0.23341,62.436,62.436,26.759,4383.1,763.1,31.258
185.0,83.867,51.210,F,0.079956,2.2776,4.2397,0.83650,0.14471,158.9,158.9,77.916,10976.3,1957.4,58.834
186.0,63.580,35.773,F,0.10564,2.6093,3.6997,0.71277,0.16750,134.8,134.8,62.308,9350.9,1651.2,43.581
187.0,41.217,33.305,M,0.18090,2.7701,2.9892,0.55481,0.16343,105.1,105.1,33.884,6279.7,1078.6,24.162
188.0,56.592,42.240,M,0.098918,1.7232,3.4937,0.66638,0.16024,178.2,178.2,66.275,10358.4,1820.0,39.067
189.0,75.513,43.405,F,0.10030,3.6754,4.0264,0.78727,0.15685,112.9,112.9,63.604,8980.3,1599.5,55.136
190.0,58.223,43.088,M,0.21627,3.8150,3.5429,0.67741,0.16015,80.623,80.623,29.093,5208.0,897.2,25.467
191.0,81.171,36.613,F,0.16559,3.0745,4.1721,0.82085,0.18912,102.8,102.8,39.590,6490.8,1131.5,32.460
192.0,71.199,43.384,F,0.20250,2.8814,3.9115,0.76096,0.15167,99.039,99.039,30.676,5567.5,958.7,25.432
193.0,89.903,37.649,F,0.26478,2.9028,4.3872,0.87078,0.19590,90.152,90.152,21.911,4359.8,744.2,21.332
194.0,65.751,41.968,F,0.18884,2.6754,3.7613,0.72673,0.14901,106.6,106.6,32.994,5955.6,1026.3,25.851
195.0,72.916,37.955,M,0.18580,3.8328,3.9577,0.77151,0.20326,85.994,85.994,35.307,5842.0,1016.4,30.977
196.0,82.482,45.863,F,0.13507,2.2572,4.2051,0.82848,0.15747,134.5,134.5,48.580,7786.7,1362.7,35.534
197.0,90.873,36.513,M,0.30709,5.7065,4.4104,0.87620,0.23861,54.941,54.941,20.464,3687.5,634.2,24.489
198.0,35.700,41.624,M,0.062927,2.2377,2.7851,0.51059,0.12433,180.9,180.9,99.888,14077.7,2509.5,57.487
199.0,84.635,42.663,F,0.13900,2.1839,4.2588,0.84092,0.17002,136.1,136.1,47.059,7623.9,1332.3,34.530
200.0,67.599,38.754,M,0.25274,5.3830,3.8129,0.73847,0.19113,61.869,61.869,25.537,4414.1,762.8,26.829
201.0,99.200,38.916,M,0.27360,3.4132,4.6048,0.92175,0.23772,79.747,79.747,21.792,4193.2,717.6,22.442
202.0,59.091,43.832,M,0.12489,3.3731,3.5687,0.68323,0.15918,109.4,109.4,53.248,8094.4,1425.6,40.475
203.0,119.5,39.230,M,0.29140,5.3039,5.0474,1.0267,0.26297,58.901,58.901,21.914,3841.0,663.0,26.401
204.0,65.926,35.339,M,0.28294,4.0496,3.7662,0.72785,0.20382,69.657,69.657,20.743,4083.4,696.8,21.043
205.0,89.113,33.938,F,0.10734,2.9033,4.3682,0.86635,0.21296,124.9,124.9,60.491,8809.5,1562.6,49.114
206.0,86.579,33.838,M,0.15821,2.5671,4.3066,0.85203,0.24760,117.1,117.1,41.214,6800.5,1185.1,32.403
207.0,109.7,38.054,M,0.30233,3.4718,4.8378,0.97678,0.25678,76.303,76.303,19.242,3820.2,651.9,21.195
208.0,77.498,35.024,F,0.093153,2.4388,4.0781,0.79917,0.19123,145.8,145.8,69.162,10027.5,1780.3,50.765
209.0,110.1,38.338,F,0.30133,4.8472,4.8477,0.97913,0.21689,61.252,61.252,20.586,3767.5,647.3,24.148
210.0,121.6,41.590,M,0.16905,3.2049,5.0890,1.0366,0.25259,99.336,99.336,39.091,6186.1,1083.8,36.173
211.0,76.357,39.824,F,0.20802,1.9078,4.0485,0.79235,0.16990,131.8,131.8,28.074,5521.9,944.3,22.383
212.0,46.777,37.153,F,0.089697,2.2941,3.1812,0.59691,0.13581,155.4,155.4,73.170,10933.3,1932.2,44.534
213.0,83.611,36.114,M,0.35503,4.2017,4.2333,0.83502,0.22954,62.727,62.727,15.444,3295.6,559.0,18.417
214.0,105.1,46.290,M,0.32950,4.0275,4.7376,0.95304,0.21194,66.711,66.711,17.486,3517.6,599.4,20.457
215.0,82.964,37.507,M,0.23181,3.3924,4.2172,0.83128,0.22124,84.817,84.817,26.720,4880.3,839.4,24.834
216.0,67.985,41.211,F,0.11160,2.6689,3.8236,0.74091,0.15430,130.2,130.2,59.087,8925.6,1574.6,42.506
217.0,80.229,45.200,F,0.22927,3.2261,4.1482,0.81533,0.15691,87.964,87.964,26.821,4947.5,850.2,24.412
218.0,112.5,42.597,M,0.20652,4.4591,4.8990,0.99132,0.23667,75.419,75.419,32.082,5167.7,902.3,33.294
219.0,95.107,42.303,F,0.18041,2.2371,4.5103,0.89957,0.18320,122.9,122.9,35.127,6137.3,1062.2,28.346
220.0,118.0,33.826,F,0.26158,4.2736,5.0159,1.0192,0.25123,70.231,70.231,24.278,4276.4,738.2,26.574
221.0,97.460,39.856,F,0.14294,3.0846,4.5649,0.91237,0.19551,108.4,108.4,46.321,7146.5,1256.6,39.240
222.0,63.677,37.480,M,0.11922,2.8225,3.7024,0.71340,0.18999,123.1,123.1,55.537,8513.5,1498.4,40.059
223.0,105.8,37.110,F,0.21554,2.8713,4.7523,0.95652,0.21785,97.677,97.677,29.171,5187.6,895.5,26.772
224.0,107.9,39.571,M,0.10053,5.0023,4.7993,0.96765,0.24602,93.823,93.823,59.440,8031.8,1439.5,69.306
225.0,116.2,38.290,F,0.16183,3.8899,4.9784,1.0102,0.22401,90.022,90.022,41.069,6271.9,1104.0,39.978
226.0,87.885,32.841,F,0.14102,2.8103,4.3384,0.85943,0.21727,115.4,115.4,46.858,7351.9,1289.8,37.343
227.0,67.179,32.919,F,0.23879,3.3263,3.8013,0.73582,0.18564,84.601,84.601,25.169,4795.6,821.3,22.751
228.0,62.181,40.311,F,0.20216,2.3682,3.6594,0.70366,0.14933,113.0,113.0,29.474,5660.1,969.5,22.999
229.0,95.759,42.618,M,0.12003,3.1235,4.5255,0.90313,0.21552,114.8,114.8,54.594,8053.4,1425.6,46.291
230.0,58.755,45.054,M,0.15566,3.0135,3.5588,0.68098,0.15498,106.5,106.5,41.983,6959.4,1211.2,31.336
231.0,56.889,32.533,M,0.082586,3.7075,3.5027,0.66840,0.20087,122.2,122.2,74.859,10310.8,1843.0,62.335
232.0,57.162,27.790,M,0.37062,3.8923,3.5110,0.67025,0.23045,64.590,64.590,13.442,3189.2,537.8,15.804
233.0,147.4,38.363,M,0.34453,4.1526,5.5956,1.1589,0.30255,64.803,64.803,17.129,3343.3,571.2,21.668
234.0,50.575,40.632,M,0.12032,3.5621,3.3057,0.62446,0.15522,108.1,108.1,55.346,8336.5,1469.9,41.417
235.0,79.226,40.644,M,0.18056,4.1399,4.1226,0.80942,0.20115,83.326,83.326,36.749,5898.0,1030.3,33.579
236.0,82.185,37.833,F,0.14900,3.5346,4.1977,0.82676,0.18522,98.701,98.701,44.617,6918.6,1215.1,37.965
237.0,69.106,44.865,M,0.10949,4.4804,3.8545,0.74794,0.17083,98.664,98.664,58.654,8259.0,1471.0,54.480
238.0,133.1,39.997,F,0.37540,4.7784,5.3211,1.0924,0.23338,56.947,56.947,15.468,3085.0,525.9,20.577
239.0,91.789,41.346,F,0.28866,3.6011,4.4322,0.88129,0.18302,75.289,75.289,20.289,3997.1,682.4,21.365
240.0,89.687,39.691,M,0.16313,4.3673,4.3820,0.86957,0.22052,84.393,84.393,40.933,6264.1,1101.7,39.007
241.0,59.746,42.836,M,0.17818,2.6469,3.5882,0.68760,0.16338,109.5,109.5,35.220,6287.3,1084.7,26.465
242.0,44.361,39.090,M,0.090570,2.1866,3.0992,0.57889,0.14873,159.4,159.4,72.643,10985.5,1938.1,42.710
243.0,56.364,36.879,F,0.080279,4.1079,3.4868,0.66483,0.15223,117.0,117.0,75.231,10209.9,1828.7,67.293
244.0,173.2,38.651,F,0.19306,4.1192,6.0582,1.2722,0.27986,80.942,80.942,34.410,5315.5,934.2,38.576
245.0,78.222,43.905,M,0.18831,2.7428,4.0968,0.80348,0.18693,105.2,105.2,33.611,5912.9,1021.9,27.408
246.0,61.232,33.931,M,0.16531,3.1790,3.6318,0.69743,0.20220,100.7,100.7,39.437,6587.1,1145.1,30.595
247.0,63.321,43.866,F,0.15386,2.3761,3.6922,0.71109,0.14040,124.1,124.1,41.745,7130.7,1237.1,29.637
248.0,96.254,33.688,F,0.20468,4.3697,4.5370,0.90582,0.22407,76.588,76.588,32.252,5262.3,917.1,32.030
249.0,69.438,40.092,F,0.14099,3.3893,3.8636,0.75002,0.15991,103.6,103.6,47.150,7329.3,1286.8,37.647
250.0,80.501,39.646,F,0.19806,3.4463,4.1551,0.81692,0.17585,89.287,89.287,32.518,5572.5,965.5,28.644
251.0,60.943,42.383,M,0.20454,2.3400,3.6234,0.69553,0.16677,113.4,113.4,28.890,5608.4,959.7,22.550
252.0,105.6,35.248,F,0.19411,4.5820,4.7497,0.95590,0.22749,76.241,76.241,34.322,5421.4,949.1,35.165
253.0,98.700,40.231,F,0.10516,4.2013,4.5934,0.91906,0.19537,102.0,102.0,59.459,8256.4,1474.1,59.830
254.0,46.885,41.359,M,0.12109,3.6005,3.1848,0.59771,0.14634,107.4,107.4,55.083,8330.9,1467.9,40.661
255.0,61.646,43.387,M,0.16204,3.3262,3.6439,0.70015,0.16455,98.860,98.860,40.523,6661.1,1160.3,31.809
256.0,86.112,32.512,M,0.20392,4.4779,4.2952,0.84937,0.25541,75.638,75.638,32.374,5296.0,922.5,31.640
257.0,113.6,43.028,M,0.24556,3.3675,4.9220,0.99677,0.23593,83.869,83.869,25.379,4587.4,790.1,25.548
258.0,83.137,39.306,M,0.32377,4.0867,4.2215,0.83228,0.21282,66.098,66.098,17.548,3592.0,611.1,19.745
259.0,126.4,35.420,M,0.32666,5.3041,5.1871,1.0601,0.29629,56.170,56.170,19.007,3476.7,597.3,24.067
260.0,53.011,27.994,M,0.14254,2.7600,3.3831,0.64167,0.21925,116.3,116.3,45.902,7566.0,1318.0,31.995
261.0,97.247,37.504,M,0.21445,4.6504,4.5600,0.91121,0.24254,72.455,72.455,30.781,5037.7,877.4,31.588
262.0,48.821,37.221,M,0.18830,2.8340,3.2488,0.61185,0.16391,102.3,102.3,32.684,6020.7,1034.8,24.505
263.0,60.932,46.699,F,0.18781,2.6413,3.6230,0.69546,0.13016,107.6,107.6,32.977,6007.3,1034.1,25.342
264.0,58.785,33.874,M,0.38748,3.9227,3.5596,0.68118,0.19777,63.354,63.354,12.592,3055.1,514.7,15.351
265.0,62.968,32.401,M,0.20064,2.5207,3.6821,0.70879,0.21375,108.5,108.5,30.111,5679.2,974.3,23.706
266.0,67.896,40.206,M,0.20586,3.6512,3.8212,0.74035,0.18569,84.692,84.692,30.995,5414.9,935.7,27.116
267.0,79.388,30.214,M,0.14919,5.6012,4.1267,0.81037,0.25942,77.085,77.085,44.418,6435.8,1140.7,46.761
268.0,47.937,33.295,F,0.12734,3.4115,3.2197,0.60542,0.15127,108.1,108.1,52.359,8090.7,1421.2,37.979
269.0,67.936,41.415,M,0.15741,4.6288,3.8223,0.74060,0.18111,83.385,83.385,42.568,6492.5,1142.0,38.918
270.0,107.0,38.064,F,0.18252,4.7702,4.7789,0.96282,0.21458,76.518,76.518,36.621,5638.5,990.7,38.067
271.0,61.395,43.372,M,0.14943,2.6205,3.6366,0.69850,0.16421,117.9,117.9,43.519,7258.9,1262.8,31.229
272.0,89.602,36.307,F,0.13719,3.4880,4.3799,0.86910,0.20167,102.6,102.6,48.316,7296.6,1286.7,41.772
273.0,85.550,35.897,M,0.34784,5.2673,4.2813,0.84616,0.23380,54.534,54.534,16.925,3325.2,567.2,20.762
274.0,97.688,37.815,F,0.13880,2.8732,4.5701,0.91360,0.20476,114.4,114.4,47.629,7354.0,1293.2,39.376
275.0,77.046,36.307,M,0.27904,3.4697,4.0664,0.79647,0.21795,77.856,77.856,20.733,4147.2,707.2,20.792
276.0,89.982,37.946,M,0.19938,3.4484,4.3891,0.87123,0.22958,89.107,89.107,32.428,5510.8,955.9,29.311
277.0,117.0,42.993,F,0.24973,4.3702,4.9941,1.0140,0.20366,70.568,70.568,25.762,4439.3,768.3,27.922
278.0,121.6,37.747,F,0.16336,4.2543,5.0893,1.0367,0.23271,85.170,85.170,40.688,6134.4,1081.7,41.571
279.0,55.335,47.497,F,0.12376,2.7342,3.4553,0.65778,0.12134,123.7,123.7,53.478,8409.9,1474.6,36.792
280.0,78.039,32.344,F,0.10098,3.2588,4.0921,0.80239,0.20551,120.1,120.1,63.711,9113.1,1620.4,52.486
281.0,81.166,44.172,F,0.18808,2.5359,4.1720,0.82082,0.16110,111.0,111.0,33.441,5936.4,1025.1,27.026
282.0,58.310,37.332,M,0.31095,2.7719,3.5455,0.67800,0.18117,87.816,87.816,16.055,3795.4,640.6,16.336
283.0,120.6,40.726,M,0.22680,4.0381,5.0686,1.0317,0.25595,77.010,77.010,28.676,4826.1,838.0,29.829
284.0,66.320,42.919,M,0.23912,2.3091,3.7773,0.73037,0.17325,109.3,109.3,23.366,4860.5,827.1,20.029
285.0,92.893,44.580,F,0.14048,3.3657,4.4584,0.88741,0.17281,103.7,103.7,47.196,7188.9,1266.2,40.665
286.0,89.052,39.987,M,0.17501,3.4677,4.3667,0.86601,0.21822,93.522,93.522,37.640,6112.1,1066.6,33.073
287.0,79.081,39.896,M,0.24257,3.8030,4.1189,0.80856,0.20414,77.393,77.393,25.579,4668.8,802.8,24.608
288.0,79.648,43.443,M,0.24041,5.7811,4.1334,0.81191,0.19061,61.025,61.025,27.505,4535.7,788.5,30.164
289.0,99.592,39.254,F,0.20662,3.6212,4.6138,0.92385,0.20055,85.318,85.318,31.387,5304.1,920.6,29.670
290.0,135.8,43.426,M,0.26027,2.3666,5.3744,1.1053,0.25956,106.4,106.4,22.826,4395.6,752.9,23.065
291.0,64.887,39.655,F,0.14969,3.0145,3.7369,0.72120,0.15521,108.2,108.2,43.975,7132.9,1245.1,33.352
292.0,106.8,35.648,M,0.26874,6.1640,4.7745,0.96177,0.26733,56.034,56.034,24.539,4067.7,706.7,29.819
293.0,56.536,38.694,M,0.11086,2.5238,3.4920,0.66600,0.17260,135.3,135.3,59.622,9176.6,1614.4,39.807
294.0,74.152,35.697,M,0.11763,2.7198,3.9905,0.77904,0.21629,126.1,126.1,56.115,8520.1,1501.9,41.728
295.0,107.0,41.547,M,0.16488,4.3482,4.7796,0.96297,0.23485,84.007,84.007,40.419,6139.4,1081.2,40.251
296.0,102.4,41.428,M,0.28343,3.5982,4.6781,0.93901,0.22957,76.011,76.011,21.033,4049.8,692.9,22.333
297.0,68.252,38.952,F,0.22388,2.5545,3.8310,0.74259,0.16227,103.7,103.7,26.222,5136.9,878.1,22.064
298.0,127.6,31.874,M,0.33374,3.7536,5.2123,1.0662,0.32607,70.091,70.091,17.291,3468.6,591.4,20.736
299.0,103.7,37.774,M,0.27365,3.6101,4.7071,0.94584,0.25021,76.832,76.832,22.095,4175.3,715.7,23.154
300.0,85.828,32.747,M,0.28714,5.6149,4.2882,0.84775,0.25335,57.121,57.121,22.165,3917.7,675.3,25.552
301.0,86.462,39.743,F,0.22981,2.7736,4.3037,0.85136,0.18288,97.515,97.515,26.282,4960.9,850.9,23.609
302.0,80.721,43.388,F,0.24731,2.4758,4.1607,0.81821,0.16307,103.2,103.2,23.139,4677.8,797.7,20.958
303.0,158.9,42.303,F,0.21499,5.3952,5.8056,1.2102,0.24645,66.439,66.439,31.098,4792.5,841.9,37.913
304.0,88.607,44.667,M,0.25986,3.8287,4.3559,0.86350,0.19797,75.141,75.141,23.600,4378.8,751.7,23.830
305.0,89.078,32.573,M,0.31866,5.1420,4.3673,0.86616,0.26003,57.478,57.478,19.050,3597.4,615.9,22.438
306.0,61.348,31.060,M,0.22588,2.4233,3.6352,0.69819,0.21830,107.1,107.1,25.338,5122.5,873.4,20.917
307.0,71.420,43.139,M,0.12670,2.9733,3.9175,0.76232,0.18004,116.4,116.4,52.295,8026.3,1412.3,39.805
308.0,61.981,41.321,M,0.094588,3.3040,3.6536,0.70235,0.17209,123.2,123.2,67.991,9690.3,1723.7,52.943
309.0,104.6,45.748,F,0.29774,2.3469,4.7268,0.95051,0.18106,102.7,102.7,18.164,3924.0,666.0,18.919
310.0,62.641,43.720,M,0.098676,2.8447,3.6727,0.70666,0.16500,131.7,131.7,66.138,9673.9,1714.5,47.880
311.0,87.811,37.225,F,0.20167,1.9338,4.3367,0.85902,0.19513,132.0,132.0,29.808,5641.0,968.2,24.085
312.0,76.371,33.883,F,0.12034,4.0784,4.0488,0.79243,0.19506,99.552,99.552,54.421,7872.9,1396.7,48.644
313.0,64.022,37.163,M,0.19505,2.8690,3.7123,0.71563,0.19197,100.5,100.5,31.915,5775.8,994.8,25.548
314.0,96.254,40.616,M,0.20181,3.2691,4.5370,0.90582,0.22523,91.764,91.764,31.886,5459.4,946.3,28.935
315.0,55.148,36.464,M,0.14853,3.4528,3.4495,0.65650,0.17898,100.4,100.4,44.640,7142.5,1248.5,34.135
316.0,97.762,39.142,M,0.30591,3.3005,4.5718,0.91400,0.23455,78.579,78.579,18.483,3798.3,646.4,20.009
317.0,74.817,37.569,M,0.32688,3.1145,4.0081,0.78307,0.20812,79.754,79.754,15.925,3597.3,608.5,17.297
318.0,75.816,42.895,M,0.20494,3.6302,4.0343,0.78910,0.18727,85.255,85.255,31.314,5411.3,936.4,27.908
319.0,55.744,38.090,F,0.12932,3.0499,3.4678,0.66059,0.14714,114.1,114.1,51.326,8034.3,1409.3,36.965
320.0,78.900,43.844,F,0.18873,2.6845,4.1142,0.80749,0.15950,106.7,106.7,33.455,5907.4,1020.6,27.222
321.0,71.141,36.550,F,0.16100,2.0838,3.9099,0.76059,0.17549,133.6,133.6,39.298,6882.5,1190.9,28.235
322.0,100.2,36.086,M,0.24478,3.6621,4.6268,0.92692,0.25497,79.305,79.305,25.550,4601.5,792.6,25.526
323.0,76.099,35.085,M,0.25432,3.2565,4.0417,0.79079,0.22282,84.041,84.041,23.265,4521.7,773.1,22.005
324.0,57.008,36.330,F,0.17002,2.5135,3.5063,0.66921,0.15520,115.2,115.2,36.980,6576.1,1135.2,26.784
325.0,49.386,38.568,M,0.23726,3.2249,3.2673,0.61593,0.16007,85.971,85.971,24.530,4872.1,831.2,20.993
326.0,89.761,33.497,M,0.22064,4.0172,4.3838,0.86999,0.25502,77.926,77.926,29.239,5011.2,867.9,28.329
327.0,61.432,44.210,M,0.13289,2.8570,3.6376,0.69875,0.16161,117.1,117.1,49.776,7879.2,1380.2,35.990
328.0,78.620,43.414,M,0.16851,2.2886,4.1071,0.80584,0.18929,123.5,123.5,37.765,6554.9,1135.2,28.681
329.0,92.244,34.330,M,0.23223,4.0747,4.4430,0.88382,0.25370,75.665,75.665,27.564,4792.0,828.5,27.359
330.0,67.471,28.488,M,0.44370,5.5477,3.8094,0.73766,0.24831,47.579,47.579,11.698,2658.5,448.9,16.293
331.0,77.389,27.404,F,0.31147,5.0991,4.0753,0.79852,0.23561,58.181,58.181,19.416,3686.2,630.7,22.141
332.0,129.7,41.274,F,0.15412,5.0732,5.2538,1.0762,0.22382,78.976,78.976,42.598,6165.6,1093.6,48.228
333.0,137.4,47.025,M,0.28417,4.2249,5.4056,1.1128,0.24415,68.646,68.646,22.053,3963.9,682.8,25.497
334.0,102.8,39.754,M,0.18893,5.4329,4.6862,0.94091,0.23828,70.314,70.314,35.494,5413.2,952.1,38.803
335.0,72.009,27.331,M,0.28749,3.6805,3.9333,0.76594,0.26712,73.872,73.872,19.997,4033.4,687.1,20.365
336.0,78.208,41.848,M,0.26829,3.2751,4.0965,0.80339,0.19473,82.175,82.175,21.683,4305.4,734.7,21.166
337.0,55.529,42.099,M,0.20192,2.4147,3.4613,0.65912,0.15895,111.2,111.2,29.279,5683.3,972.4,22.468
338.0,71.576,43.254,F,0.20246,2.0564,3.9217,0.76328,0.15252,125.4,125.4,29.222,5655.5,968.4,22.935
339.0,75.830,44.504,M,0.089424,3.3614,4.0347,0.78918,0.18149,123.5,123.5,69.934,9756.0,1741.1,59.317
340.0,63.269,34.009,M,0.11157,2.3267,3.6908,0.71075,0.20566,141.5,141.5,59.104,9131.7,1606.1,39.673
341.0,75.802,38.271,F,0.20145,3.5896,4.0340,0.78901,0.17504,86.445,86.445,31.926,5493.5,951.2,28.224
342.0,84.091,39.181,M,0.22184,3.0404,4.2453,0.83779,0.21481,92.688,92.688,27.846,5097.7,876.9,24.939
343.0,72.365,31.148,F,0.18114,3.4115,3.9429,0.76813,0.20317,93.067,93.067,35.931,6029.2,1047.4,30.160
344.0,57.257,36.602,M,0.26019,3.8728,3.5138,0.67089,0.18232,73.902,73.902,22.794,4428.1,756.5,21.572
345.0,58.268,38.239,F,0.095468,2.6094,3.5442,0.67772,0.15045,140.3,140.3,68.473,10084.7,1785.7,46.837
346.0,63.774,42.755,M,0.16235,3.5729,3.7052,0.71402,0.16993,94.797,94.797,40.703,6589.3,1149.9,33.009
347.0,82.371,34.523,M,0.29274,3.7817,4.2023,0.82784,0.23649,72.278,72.278,19.881,3950.1,673.8,20.917
348.0,79.088,40.112,M,0.092484,4.0733,4.1191,0.80861,0.20321,109.7,109.7,66.547,9145.2,1635.3,63.226
349.0,56.291,38.967,F,0.10420,2.8773,3.4845,0.66432,0.14512,128.5,128.5,63.241,9414.7,1664.0,44.388
350.0,52.331,39.528,F,0.12906,2.4747,3.3617,0.63690,0.13744,129.2,129.2,50.832,8264.5,1442.7,33.555
351.0,57.751,33.448,M,0.20172,2.9316,3.5287,0.67423,0.19789,97.711,97.711,30.425,5626.4,966.7,24.324
352.0,100.4,40.147,F,0.26447,2.7951,4.6317,0.92806,0.19764,92.918,92.918,22.082,4355.5,744.1,21.759
353.0,75.404,35.837,F,0.14291,2.9953,4.0235,0.78661,0.18458,110.6,110.6,46.290,7317.0,1282.0,36.163
354.0,74.561,39.396,M,0.20187,3.3881,4.0013,0.78152,0.19945,89.467,89.467,31.586,5512.5,953.0,27.416
355.0,71.322,45.781,M,0.18539,3.8063,3.9148,0.76171,0.17100,86.413,86.413,35.350,5863.0,1019.7,30.783
356.0,50.359,45.057,F,0.068056,2.1617,3.2988,0.62292,0.12021,176.7,176.7,92.011,12985.3,2314.8,57.889
357.0,114.9,39.036,F,0.14659,4.4587,4.9490,1.0032,0.21882,86.708,86.708,44.957,6582.3,1165.7,46.349
358.0,48.399,46.819,M,0.20897,2.4881,3.2350,0.60879,0.13407,107.3,107.3,27.670,5527.4,943.2,21.235
359.0,81.382,35.345,F,0.33196,2.8649,4.1774,0.82208,0.19519,84.803,84.803,15.421,3546.8,599.5,16.987
360.0,79.203,41.419,M,0.20804,3.4269,4.1220,0.80929,0.19789,87.842,87.842,30.585,5356.6,925.7,27.200
361.0,80.751,44.790,M,0.14026,2.6429,4.1614,0.81839,0.18718,120.1,120.1,46.983,7475.7,1309.1,35.866
362.0,57.383,38.304,M,0.11361,3.7038,3.5176,0.67175,0.17560,108.2,108.2,58.099,8522.5,1508.8,45.903
363.0,101.9,38.122,F,0.31790,4.3028,4.6664,0.93625,0.20839,64.608,64.608,18.596,3625.8,619.3,21.504
364.0,80.847,40.989,M,0.11300,3.3609,4.1639,0.81895,0.20205,113.2,113.2,57.811,8424.1,1493.6,48.174
365.0,73.560,43.602,M,0.19232,2.8963,3.9748,0.77544,0.18148,100.7,100.7,32.837,5806.5,1002.7,26.941
366.0,92.852,45.561,F,0.29254,2.5583,4.4574,0.88718,0.16959,96.176,96.176,18.605,3991.9,677.7,18.994
367.0,68.318,39.151,M,0.44940,2.9307,3.8328,0.74300,0.19063,76.981,76.981,9.0566,2653.3,444.7,12.739
368.0,72.699,46.369,F,0.13334,2.8619,3.9518,0.77018,0.14502,116.7,116.7,49.637,7760.2,1361.9,37.569
369.0,55.005,43.331,M,0.27544,1.9511,3.4451,0.65551,0.15423,119.5,119.5,17.616,4289.5,723.5,16.113
370.0,90.665,33.094,F,0.24065,2.4248,4.4054,0.87504,0.21978,105.9,105.9,24.299,4780.0,817.0,22.058
371.0,96.430,36.907,M,0.37388,4.0482,4.5411,0.90678,0.24468,63.486,63.486,14.395,3136.0,531.3,17.943
372.0,91.541,48.664,M,0.14772,2.9931,4.4263,0.87992,0.18749,109.1,109.1,44.775,7036.7,1234.1,36.978
373.0,80.923,39.459,M,0.33275,3.0879,4.1658,0.81939,0.20883,80.012,80.012,15.642,3533.5,597.7,17.326
374.0,61.730,37.999,M,0.14337,4.7578,3.6463,0.70070,0.18443,85.797,85.797,46.634,6941.8,1225.4,42.276
375.0,78.347,48.393,F,0.14285,2.5101,4.1000,0.80422,0.14601,123.2,123.2,45.938,7424.7,1297.5,34.355
376.0,68.522,42.561,F,0.11069,2.9128,3.8385,0.74428,0.15079,124.2,124.2,59.481,8864.4,1566.6,44.380
377.0,79.171,46.057,M,0.11857,3.6265,4.1212,0.80910,0.18070,106.6,106.6,55.336,8084.8,1432.6,47.240
378.0,43.099,36.019,F,0.17893,2.8745,3.0555,0.56932,0.13301,103.2,103.2,34.702,6314.8,1086.6,25.038
379.0,72.785,42.791,M,0.11426,2.2941,3.9542,0.77071,0.18329,141.2,141.2,57.645,8880.0,1562.6,40.231
380.0,50.504,40.685,F,0.20651,2.0116,3.3034,0.62395,0.13137,125.7,125.7,27.124,5621.8,957.1,20.288
381.0,70.085,37.575,M,0.13520,4.0150,3.8813,0.75405,0.20038,95.959,95.959,49.214,7365.8,1299.9,42.314
382.0,63.179,38.272,M,0.14436,3.2199,3.6882,0.71017,0.18578,105.7,105.7,45.895,7293.9,1276.6,35.187
383.0,107.4,46.301,F,0.24135,3.2252,4.7892,0.96526,0.18199,86.792,86.792,25.683,4678.1,805.1,25.191
384.0,69.758,36.978,M,0.17649,2.9080,3.8724,0.75201,0.20259,103.7,103.7,36.373,6249.9,1083.0,28.782
385.0,60.043,41.078,F,0.20630,2.3044,3.5969,0.68957,0.14400,114.3,114.3,28.433,5572.0,952.7,22.182
386.0,85.220,38.330,F,0.34904,3.2682,4.2732,0.84427,0.18705,75.685,75.685,14.856,3370.7,570.0,17.158
387.0,66.468,39.900,F,0.15845,2.7799,3.7814,0.73131,0.15656,111.2,111.2,41.015,6861.9,1193.1,30.876
388.0,132.6,48.724,M,0.14191,3.2677,5.3114,1.0901,0.23202,104.4,104.4,46.386,6933.5,1225.0,44.059
389.0,67.889,37.177,M,0.096940,3.2508,3.8210,0.74030,0.19852,122.8,122.8,66.390,9485.7,1686.8,52.561
390.0,83.821,36.831,M,0.23727,3.0553,4.2386,0.83623,0.22605,90.165,90.165,25.502,4807.3,824.5,23.486
391.0,102.2,39.326,M,0.18620,4.2481,4.6737,0.93797,0.23974,80.987,80.987,35.714,5655.2,989.9,35.110
392.0,104.4,38.045,M,0.21240,3.4137,4.7229,0.94958,0.24967,87.625,87.625,30.258,5196.7,900.3,28.660
393.0,99.046,31.638,M,0.32631,4.6587,4.6013,0.92092,0.28344,60.688,60.688,18.199,3531.1,603.3,21.543
394.0,62.836,41.795,M,0.16138,3.9197,3.6783,0.70793,0.17178,90.244,90.244,41.221,6554.8,1146.4,34.478
395.0,64.306,35.588,M,0.25265,3.0827,3.7204,0.71746,0.19971,87.120,87.120,22.821,4580.8,781.0,20.797
396.0,68.092,37.119,M,0.11534,2.5237,3.8266,0.74158,0.19913,133.0,133.0,57.232,8781.6,1545.8,40.397
397.0,107.2,41.140,M,0.14769,4.0617,4.7835,0.96391,0.23707,91.184,91.184,44.858,6686.6,1181.1,43.443
398.0,76.242,44.900,F,0.12410,3.1783,4.0455,0.79166,0.15323,112.8,112.8,53.307,8027.9,1416.4,42.405
399.0,83.336,33.743,F,0.23805,3.2668,4.2265,0.83343,0.20588,86.085,86.085,25.660,4778.3,820.3,23.936
400.0,70.728,37.871,M,0.23370,3.8916,3.8988,0.75804,0.20010,77.323,77.323,26.746,4833.1,831.8,25.027
401.0,64.006,41.035,F,0.13105,2.3097,3.7118,0.71552,0.14955,134.0,134.0,49.999,8106.1,1416.1,34.159
402.0,58.304,40.043,M,0.10365,2.3418,3.5453,0.67796,0.17063,144.9,144.9,63.567,9680.3,1706.1,41.630
403.0,51.582,44.099,M,0.22506,1.5865,3.3379,0.63162,0.14640,148.0,148.0,22.877,5217.1,883.1,17.826
404.0,93.788,46.283,F,0.13085,3.1615,4.4795,0.89234,0.16830,110.5,110.5,50.483,7605.0,1341.9,42.587
405.0,69.925,43.183,M,0.44708,3.0326,3.8769,0.75305,0.17770,74.942,74.942,9.2968,2665.6,446.9,12.989
406.0,81.708,41.945,M,0.37515,4.7589,4.1856,0.82398,0.19932,56.443,56.443,14.692,3119.1,529.0,18.361
407.0,63.672,47.246,F,0.11616,2.7598,3.7023,0.71336,0.13220,125.9,125.9,56.946,8695.0,1531.3,40.701
408.0,70.356,33.415,M,0.21848,2.6729,3.8887,0.75573,0.22199,101.4,101.4,27.408,5234.2,896.8,23.073
409.0,70.555,34.807,F,0.13465,2.8599,3.8941,0.75697,0.18210,116.4,116.4,49.138,7723.1,1354.4,36.913
410.0,65.614,34.951,F,0.36620,2.0905,3.7574,0.72586,0.17400,106.7,106.7,11.580,3250.1,545.4,13.614
411.0,60.386,35.914,F,0.13762,2.7326,3.6070,0.69184,0.16204,118.6,118.6,47.829,7718.7,1348.6,34.086
412.0,97.491,43.702,M,0.25310,3.3362,4.5656,0.91254,0.21314,83.252,83.252,24.064,4498.7,772.1,23.776
413.0,63.580,30.574,F,0.20945,3.7970,3.6997,0.71277,0.19155,82.063,82.063,30.409,5335.2,921.3,26.714
414.0,67.728,39.699,M,0.19941,3.1098,3.8165,0.73929,0.18744,94.747,94.747,31.517,5626.4,970.3,26.176
415.0,50.360,30.828,M,0.11783,3.5289,3.2988,0.62292,0.19602,109.6,109.6,56.457,8472.5,1494.7,42.022
416.0,59.159,36.212,F,0.24916,3.1429,3.5708,0.68369,0.15901,86.237,86.237,23.170,4645.3,792.0,20.774
417.0,78.209,45.807,M,0.21501,3.5462,4.0965,0.80340,0.18026,84.851,84.851,29.477,5200.9,897.9,26.657
418.0,67.761,37.966,M,0.17496,3.3733,3.8174,0.73949,0.19478,95.006,95.006,37.280,6227.5,1082.4,30.499
419.0,80.250,34.373,M,0.26502,2.4037,4.1487,0.81545,0.23382,103.4,103.4,20.814,4395.9,747.2,19.529
420.0,52.604,40.185,M,0.20756,3.1102,3.3703,0.63882,0.16030,92.857,92.857,29.394,5487.4,941.6,23.696
421.0,114.4,37.782,F,0.16819,4.0377,4.9390,1.0008,0.22447,86.808,86.808,39.568,6081.6,1069.4,38.954
422.0,57.302,40.245,F,0.17016,3.0655,3.5152,0.67120,0.14264,101.6,101.6,37.873,6476.9,1122.6,28.866
423.0,70.322,41.657,F,0.24771,1.9439,3.8877,0.75552,0.15590,123.7,123.7,21.664,4718.7,800.7,18.856
424.0,54.575,40.891,F,0.15528,2.6831,3.4318,0.65254,0.13680,114.4,114.4,41.512,7071.2,1226.7,29.459
425.0,84.605,36.596,F,0.14483,3.5380,4.2580,0.84075,0.19378,99.740,99.740,45.891,7044.5,1239.1,39.309
426.0,81.705,39.937,M,0.16857,2.7564,4.1856,0.82396,0.20785,109.3,109.3,38.468,6455.8,1122.2,30.768
427.0,99.514,40.447,F,0.18444,3.0895,4.6120,0.92343,0.19540,98.418,98.418,35.291,5884.9,1023.7,31.114
428.0,66.865,42.402,F,0.23138,2.0273,3.7925,0.73382,0.14915,121.8,121.8,23.952,5026.6,855.0,19.925
429.0,80.556,37.701,M,0.23274,4.8412,4.1565,0.81725,0.21655,68.252,68.252,27.962,4740.9,821.7,28.541
430.0,63.355,39.346,F,0.14660,2.2762,3.6932,0.71131,0.15411,129.9,129.9,44.010,7437.3,1292.2,30.555
431.0,78.829,43.388,M,0.36709,4.9028,4.1124,0.80707,0.18968,55.754,55.754,15.248,3180.9,540.1,18.817
432.0,106.5,34.095,M,0.21705,3.8263,4.7678,0.96018,0.27724,80.924,80.924,29.873,5056.0,877.3,29.459
433.0,93.859,45.506,F,0.086405,2.1797,4.4811,0.89273,0.17082,158.5,158.5,72.974,10399.5,1851.6,55.823
434.0,75.563,43.368,M,0.19665,3.5221,4.0277,0.78758,0.18517,88.310,88.310,32.784,5612.8,972.5,28.618
435.0,66.972,37.571,M,0.19166,2.6578,3.7955,0.73450,0.19520,106.5,106.5,32.391,5878.4,1012.4,25.574
436.0,79.098,27.586,M,0.26364,3.3592,4.1193,0.80866,0.27979,81.291,81.291,22.357,4367.5,746.3,21.760
437.0,62.463,38.343,F,0.10654,2.5347,3.6675,0.70550,0.15626,136.8,136.8,61.854,9347.5,1649.0,42.561
438.0,115.7,36.291,F,0.23823,3.2532,4.9661,1.0073,0.23383,86.794,86.794,26.291,4712.9,812.6,26.093
439.0,98.118,38.885,F,0.13393,2.4358,4.5800,0.91592,0.20045,128.3,128.3,49.192,7668.8,1347.2,38.646
440.0,78.184,35.887,F,0.15371,2.8351,4.0958,0.80325,0.18825,111.1,111.1,42.713,6944.3,1212.1,33.438
441.0,78.772,39.842,F,0.34121,2.6290,4.1109,0.80673,0.17292,89.995,89.995,14.369,3462.7,584.0,16.048
442.0,111.7,33.635,M,0.23037,4.8441,4.8820,0.98726,0.28838,68.664,68.664,28.591,4706.5,819.1,31.085
443.0,65.282,43.648,F,0.19442,2.6359,3.7481,0.72373,0.14350,106.5,106.5,31.699,5815.5,1000.4,25.001
444.0,87.620,36.333,F,0.14578,2.8491,4.3320,0.85793,0.19896,113.0,113.0,45.296,7165.7,1255.6,36.339
445.0,68.554,35.632,F,0.15703,3.0965,3.8393,0.74448,0.17555,104.5,104.5,41.841,6831.8,1191.4,32.696
446.0,101.2,36.622,F,0.22718,3.8439,4.6500,0.93238,0.21477,79.204,79.204,28.236,4881.3,844.7,27.920
447.0,83.770,41.219,M,0.14781,3.8062,4.2373,0.83594,0.20526,94.946,94.946,45.038,6882.2,1211.1,39.651
448.0,76.431,39.677,M,0.11014,3.5643,4.0504,0.79279,0.20111,110.8,110.8,59.068,8524.8,1513.4,49.870
449.0,87.493,40.893,F,0.23309,2.9071,4.3289,0.85721,0.17970,93.951,93.951,26.008,4886.9,838.5,23.744
450.0,63.100,42.560,M,0.13242,2.5286,3.6859,0.70965,0.16955,126.2,126.2,49.676,7984.3,1396.1,34.760
451.0,61.944,39.634,F,0.10261,2.9017,3.6525,0.70211,0.15117,128.4,128.4,63.902,9414.4,1666.6,46.357
452.0,113.9,42.131,F,0.21580,3.0544,4.9289,0.99842,0.20404,93.751,93.751,29.475,5144.1,889.8,27.859
453.0,74.367,32.700,M,0.26655,4.2782,3.9962,0.78034,0.23350,69.126,69.126,22.995,4278.8,734.0,23.378
454.0,84.726,36.745,F,0.20481,2.7398,4.2610,0.84144,0.19327,102.3,102.3,30.425,5488.2,945.9,25.949
455.0,143.2,39.983,M,0.48804,4.5678,5.5166,1.1397,0.28721,53.965,53.965,10.423,2417.4,408.1,16.346
456.0,126.1,48.050,M,0.33619,4.4360,5.1815,1.0588,0.22807,62.286,62.286,17.670,3423.2,585.1,21.798
457.0,45.413,30.385,F,0.10848,2.0260,3.1352,0.58678,0.15853,156.0,156.0,60.485,9710.1,1698.8,35.324
458.0,83.712,36.128,M,0.18906,3.8998,4.2358,0.83560,0.22962,84.549,84.549,34.801,5709.5,994.5,31.759
459.0,61.981,41.285,M,0.28522,3.2694,3.6536,0.70235,0.17222,80.071,80.071,19.328,4094.2,695.1,18.916
460.0,141.8,38.553,M,0.29217,6.6414,5.4895,1.1331,0.29458,51.836,51.836,22.632,3726.4,648.0,30.397
461.0,66.257,36.008,M,0.26788,3.0674,3.7755,0.72996,0.20116,85.717,85.717,21.033,4340.6,738.5,19.859
462.0,60.516,38.781,M,0.22800,2.1544,3.6108,0.69270,0.17918,116.5,116.5,24.401,5099.8,867.6,19.954
463.0,74.765,32.696,F,0.30562,2.5896,4.0067,0.78276,0.19864,93.614,93.614,16.878,3848.2,650.8,17.304
464.0,104.9,38.777,M,0.25438,3.7835,4.7333,0.95204,0.24628,76.574,76.574,24.523,4435.5,763.6,25.246
465.0,54.180,36.505,M,0.23199,3.6075,3.4196,0.64981,0.17699,80.894,80.894,26.136,4929.8,844.7,22.929
466.0,77.378,42.546,F,0.29863,2.3141,4.0750,0.79845,0.16181,103.0,103.0,17.151,3939.2,666.1,17.267
467.0,92.244,44.013,F,0.17072,3.6312,4.4430,0.88382,0.17400,91.913,91.913,38.799,6185.6,1082.0,34.790
468.0,55.923,42.244,M,0.28741,3.8492,3.4733,0.66182,0.15913,71.277,71.277,19.720,4049.5,688.7,19.572
469.0,48.557,35.013,M,0.15854,2.9095,3.2401,0.60993,0.17216,107.8,107.8,40.661,6947.8,1204.4,28.951
470.0,72.522,46.383,F,0.15537,4.8006,3.9471,0.76909,0.14478,82.194,82.194,43.085,6485.9,1143.1,40.711
471.0,88.309,44.931,M,0.13867,3.2499,4.3487,0.86182,0.19659,106.5,106.5,47.809,7317.5,1288.0,40.060
472.0,152.3,43.795,F,0.30209,3.0375,5.6866,1.1811,0.23351,84.682,84.682,19.550,3801.7,650.3,22.312
473.0,59.320,35.610,F,0.12148,2.0225,3.5756,0.68476,0.16155,149.8,149.8,53.808,8735.9,1526.3,34.345
474.0,84.468,41.474,F,0.22540,3.3237,4.2546,0.83996,0.17398,86.900,86.900,27.652,5001.8,861.3,25.403
475.0,74.953,39.762,F,0.24659,4.0646,4.0117,0.78389,0.16831,73.697,73.697,25.239,4592.1,789.7,24.602
476.0,56.151,36.044,M,0.18333,1.8981,3.4803,0.66337,0.18266,136.4,136.4,32.160,6249.8,1069.9,22.828
477.0,80.521,31.877,F,0.18978,3.1423,4.1556,0.81704,0.21187,96.163,96.163,33.870,5811.8,1007.1,28.774
478.0,109.6,44.042,F,0.33712,3.0797,4.8369,0.97656,0.19215,80.504,80.504,16.036,3470.4,588.6,18.538
479.0,49.960,47.790,M,0.15116,2.3276,3.2859,0.62006,0.13418,126.3,126.3,42.009,7337.9,1269.5,28.014
480.0,67.897,41.392,M,0.31350,3.9461,3.8212,0.74035,0.18114,68.153,68.153,17.837,3720.5,632.1,19.119
481.0,92.320,41.660,F,0.29610,4.6698,4.4448,0.88424,0.18245,62.937,62.937,20.661,3856.0,661.2,23.178
482.0,82.754,41.444,M,0.22590,4.4482,4.2119,0.83006,0.20287,72.598,72.598,28.690,4890.5,847.3,28.399
483.0,56.333,41.535,M,0.25068,3.6301,3.4858,0.66462,0.16213,78.146,78.146,23.617,4595.4,785.2,21.624
484.0,63.606,43.611,F,0.14382,2.5653,3.7004,0.71294,0.14146,121.2,121.2,45.421,7478.2,1303.3,32.424
485.0,82.279,44.953,M,0.13758,2.8471,4.2000,0.82731,0.18864,115.6,115.6,48.070,7515.2,1319.0,37.684
486.0,88.705,37.471,F,0.26160,4.0985,4.3583,0.86406,0.19517,71.770,71.770,23.675,4335.7,745.2,24.344
487.0,66.357,39.748,F,0.11409,3.2645,3.7783,0.73060,0.15692,115.2,115.2,57.808,8568.6,1515.2,44.787
488.0,99.770,36.497,F,0.25428,2.9955,4.6178,0.92480,0.21365,89.557,89.557,23.554,4499.1,770.7,22.985
489.0,77.509,43.515,M,0.20528,4.4573,4.0784,0.79923,0.18737,75.589,75.589,32.032,5298.8,921.5,30.619
490.0,67.757,36.910,M,0.12578,3.6943,3.8173,0.73947,0.19952,103.5,103.5,52.728,7859.9,1388.2,43.291
491.0,90.959,38.617,F,0.15490,2.1935,4.4125,0.87668,0.19299,130.9,130.9,41.845,6970.2,1213.6,31.979
492.0,76.727,40.704,M,0.27660,3.8636,4.0581,0.79456,0.19720,72.694,72.694,21.471,4160.4,711.1,21.821
493.0,85.459,39.930,M,0.23029,2.8655,4.2791,0.84564,0.21335,95.245,95.245,26.312,4946.5,848.7,23.738
494.0,55.959,39.291,F,0.12117,2.9599,3.4744,0.66206,0.14361,119.2,119.2,54.772,8451.8,1485.7,38.860
495.0,71.897,42.390,M,0.13403,2.5712,3.9303,0.76526,0.18346,124.3,124.3,49.167,7823.6,1370.0,35.864
496.0,49.479,44.462,F,0.12057,2.5010,3.2703,0.61660,0.12035,131.8,131.8,54.694,8728.2,1527.5,35.361
497.0,72.038,44.118,M,0.22822,3.2185,3.9341,0.76613,0.17751,88.073,88.073,26.739,4987.3,856.0,23.823
498.0,93.985,35.228,M,0.12098,3.9488,4.4841,0.89342,0.25086,100.4,100.4,53.753,7737.6,1374.1,50.229
499.0,93.486,38.276,F,0.12599,4.2758,4.4723,0.89068,0.19757,94.693,94.693,51.738,7441.9,1321.5,49.973
500.0,85.726,40.077,M,0.28604,4.1370,4.2857,0.84717,0.21307,68.799,68.799,21.001,4011.3,686.5,22.344
501.0,58.446,34.363,F,0.21443,2.8783,3.5495,0.67891,0.16512,96.667,96.667,27.986,5336.2,914.1,22.932
502.0,61.171,40.277,F,0.14366,2.3132,3.6300,0.69703,0.14803,129.4,129.4,45.050,7566.3,1315.6,30.986
503.0,94.424,36.281,M,0.51557,3.4914,4.4944,0.89583,0.24529,65.111,65.111,8.0972,2311.5,387.5,12.954
504.0,42.002,45.135,M,0.13814,2.1664,3.0170,0.56089,0.12745,136.5,136.5,46.031,8014.6,1387.2,28.305
505.0,96.024,42.620,M,0.25733,4.5051,4.5317,0.90457,0.21586,68.260,68.260,24.677,4356.1,751.6,26.206
506.0,72.386,45.031,M,0.17047,2.8161,3.9435,0.76826,0.17491,107.3,107.3,37.845,6432.2,1116.2,29.670
507.0,76.299,35.476,F,0.15032,2.8074,4.0470,0.79200,0.18745,112.8,112.8,43.718,7082.6,1236.9,33.791
508.0,71.200,43.072,F,0.11923,2.3623,3.9115,0.76096,0.15261,136.7,136.7,55.296,8604.5,1511.8,38.773
509.0,66.375,28.609,M,0.26445,3.5844,3.7788,0.73071,0.24508,77.443,77.443,22.187,4363.9,745.0,21.303
510.0,66.409,35.334,M,0.19666,2.6396,3.7798,0.73093,0.20471,106.0,106.0,31.281,5753.8,989.5,24.869
511.0,115.6,43.314,M,0.12789,5.6777,4.9645,1.0069,0.23698,80.265,80.265,49.196,6805.8,1215.3,59.325
512.0,109.3,44.120,F,0.20935,2.5643,4.8288,0.97464,0.19148,106.7,106.7,29.944,5340.6,921.9,26.825
513.0,57.766,37.369,F,0.19717,2.8526,3.5291,0.67433,0.15267,100.3,100.3,31.205,5747.5,988.0,24.583
514.0,80.064,39.854,M,0.25051,2.6068,4.1440,0.81436,0.20579,98.928,98.928,22.910,4616.8,787.4,20.994
515.0,96.744,37.688,M,0.19045,4.8939,4.5484,0.90849,0.24080,74.163,74.163,35.108,5483.7,961.3,36.125
516.0,80.740,44.439,M,0.10151,4.3188,4.1612,0.81833,0.18843,102.8,102.8,61.722,8558.4,1528.2,59.688
517.0,76.160,35.384,M,0.20359,3.4083,4.0433,0.79116,0.22131,88.861,88.861,31.320,5466.1,945.0,27.413
518.0,41.974,44.710,M,0.10912,2.6355,3.0160,0.56067,0.12843,133.3,133.3,60.757,9450.4,1659.5,37.985
519.0,83.084,39.438,M,0.17434,3.3402,4.2202,0.83197,0.21213,95.781,95.781,37.632,6178.6,1076.6,32.121
520.0,97.717,35.995,M,0.22329,3.3887,4.5708,0.91376,0.25189,86.316,86.316,28.334,5004.1,864.1,26.816
521.0,46.629,39.275,M,0.10025,3.1547,3.1762,0.59581,0.15246,124.7,124.7,65.739,9678.2,1712.8,45.706
522.0,55.606,36.370,M,0.21481,1.9031,3.4636,0.65964,0.18024,129.9,129.9,25.693,5417.0,921.2,19.829
523.0,129.2,44.120,F,0.18985,6.1400,5.2447,1.0740,0.21101,65.515,65.515,35.173,5203.9,919.5,43.195
524.0,106.5,45.263,M,0.14432,2.4765,4.7690,0.96048,0.21772,123.7,123.7,45.612,7198.9,1262.4,37.138
525.0,51.948,49.497,F,0.20317,2.5851,3.3496,0.63420,0.11295,105.7,105.7,29.199,5647.4,966.3,22.471
526.0,142.6,45.984,M,0.27927,3.9645,5.5052,1.1369,0.25427,72.070,72.070,22.405,4032.3,694.6,25.569
527.0,65.418,39.251,M,0.21146,2.6580,3.7519,0.72460,0.18551,102.8,102.8,28.414,5402.2,925.9,23.255
528.0,52.407,42.799,M,0.25445,3.4420,3.3641,0.63744,0.15157,80.287,80.287,22.691,4553.3,776.0,20.528
529.0,54.365,38.179,M,0.31598,3.4832,3.4254,0.65110,0.17068,73.670,73.670,16.569,3722.3,629.5,17.180
530.0,94.152,35.522,M,0.11601,4.3658,4.4880,0.89434,0.24934,96.596,96.596,55.185,7784.9,1386.5,54.720
531.0,60.928,44.952,F,0.10894,2.8362,3.6229,0.69543,0.13447,127.2,127.2,60.579,9090.8,1605.0,43.199
532.0,113.0,36.570,F,0.19103,2.7965,4.9097,0.99385,0.22920,103.8,103.8,33.795,5718.9,993.2,30.237
533.0,85.391,39.234,F,0.16936,2.8793,4.2774,0.84525,0.18357,106.2,106.2,38.465,6392.4,1112.6,31.485
534.0,88.299,38.882,F,0.14121,2.7592,4.3485,0.86177,0.18861,116.6,116.6,46.763,7355.3,1290.0,37.109
535.0,80.632,35.588,F,0.20887,3.6401,4.1584,0.81769,0.19301,84.511,84.511,30.703,5310.7,919.0,27.878
536.0,118.8,37.356,F,0.14388,3.8652,5.0316,1.0229,0.23166,94.483,94.483,45.841,6790.3,1200.8,44.856
537.0,52.747,37.155,M,0.25871,2.7859,3.3748,0.63982,0.17166,92.337,92.337,21.039,4518.7,766.7,18.703
538.0,87.155,38.006,F,0.21683,3.4634,4.3207,0.85530,0.19087,85.955,85.955,29.263,5148.2,889.2,26.947
539.0,50.094,36.113,F,0.067014,3.5760,3.2902,0.62102,0.14477,134.9,134.9,87.424,11748.8,2107.7,72.827
540.0,51.224,45.510,M,0.14510,2.4193,3.3265,0.62908,0.14194,125.2,125.2,44.369,7557.5,1311.4,29.686
541.0,97.072,39.379,F,0.23591,3.7920,4.5560,0.91027,0.19707,78.650,78.650,26.846,4743.5,818.7,26.541
542.0,124.1,43.834,M,0.16605,4.2374,5.1405,1.0490,0.24438,84.782,84.782,40.044,6058.5,1067.8,41.081
543.0,49.270,44.353,M,0.15175,2.8797,3.2635,0.61509,0.14187,110.5,110.5,42.791,7199.9,1250.6,30.132
544.0,71.203,38.744,M,0.32109,2.8077,3.9116,0.76098,0.19700,86.631,86.631,15.817,3669.8,620.0,16.782
545.0,125.4,31.170,M,0.13473,3.5331,5.1680,1.0556,0.32904,101.8,101.8,48.616,7141.9,1264.8,46.841
546.0,81.024,40.667,M,0.33459,3.8381,4.1684,0.81999,0.20367,68.162,68.162,16.409,3494.4,592.9,18.604
547.0,97.393,46.940,F,0.16152,4.1040,4.5634,0.91201,0.16995,87.610,87.610,41.256,6324.0,1112.3,39.100
548.0,50.998,38.105,M,0.40830,2.9867,3.3193,0.62747,0.16476,76.849,76.849,10.162,2919.1,489.4,12.935
549.0,124.5,42.909,M,0.36868,6.1185,5.1503,1.0513,0.24943,48.907,48.907,16.640,3101.1,531.5,22.874
550.0,117.7,43.367,M,0.60869,3.5239,5.0097,1.0177,0.23927,62.810,62.810,6.3439,1961.8,328.4,11.987
551.0,88.788,36.947,M,0.21852,3.0145,4.3603,0.86453,0.23307,93.815,93.815,28.476,5154.7,887.8,25.582
552.0,102.7,40.404,F,0.21187,2.1780,4.6843,0.94046,0.19919,119.4,119.4,28.799,5342.1,918.5,24.915
553.0,78.052,33.286,F,0.31417,3.1669,4.0924,0.80246,0.20055,79.829,79.829,17.094,3729.0,632.0,18.193
554.0,84.637,45.122,M,0.19184,4.1115,4.2588,0.84093,0.19113,81.509,81.509,34.400,5611.0,978.0,32.131
555.0,50.241,52.144,F,0.094250,1.5501,3.2950,0.62207,0.10596,194.1,194.1,69.414,10946.2,1921.2,38.209
556.0,105.4,32.770,M,0.29285,4.1887,4.7432,0.95437,0.28505,67.908,67.908,20.747,3901.5,668.8,23.108
557.0,86.797,35.409,M,0.22324,3.5977,4.3119,0.85327,0.23854,82.958,82.958,28.360,5011.4,865.0,26.590
558.0,85.647,32.355,M,0.15816,3.6538,4.2837,0.84671,0.25566,94.500,94.500,42.028,6577.5,1153.6,36.767
559.0,106.9,37.132,F,0.16806,2.8639,4.7779,0.96259,0.21912,106.9,106.9,39.045,6337.7,1106.7,33.755
560.0,125.2,37.071,M,0.19651,4.3045,5.1626,1.0543,0.28341,78.538,78.538,33.818,5350.6,936.8,35.329
561.0,88.401,39.800,F,0.15029,2.5529,4.3510,0.86234,0.18501,119.7,119.7,43.629,7069.0,1234.9,34.132
562.0,77.799,43.336,F,0.15923,2.8810,4.0859,0.80096,0.15979,108.6,108.6,41.115,6749.3,1176.5,32.499
563.0,82.100,39.383,M,0.20258,4.4112,4.1955,0.82626,0.21093,76.491,76.491,32.535,5345.3,930.5,31.270
564.0,78.747,45.689,F,0.13474,3.0064,4.1103,0.80659,0.15381,112.8,112.8,49.171,7610.3,1337.5,38.733
565.0,67.701,35.526,F,0.19896,3.3296,3.8158,0.73912,0.17473,90.855,90.855,31.910,5610.8,969.1,26.930
566.0,129.8,37.989,M,0.37419,3.9320,5.2556,1.0766,0.28343,65.315,65.315,14.834,3117.7,529.6,19.113
567.0,94.745,39.010,M,0.44126,3.8072,4.5019,0.89759,0.23101,63.138,63.138,10.863,2684.7,452.0,15.157
568.0,88.481,43.013,M,0.25234,2.9443,4.3529,0.86279,0.20428,90.649,90.649,23.441,4551.8,778.6,22.272
569.0,55.784,40.037,M,0.26303,2.8512,3.4691,0.66086,0.16635,90.449,90.449,20.793,4441.7,753.9,18.843
570.0,76.339,28.193,M,0.17767,4.2275,4.0480,0.79224,0.26906,82.944,82.944,37.432,5969.5,1043.6,34.115
571.0,79.726,37.608,M,0.31162,3.9957,4.1354,0.81237,0.21571,68.000,68.000,18.360,3726.5,634.4,20.050
572.0,102.3,49.123,M,0.14457,3.9624,4.6741,0.93806,0.19828,93.328,93.328,45.825,6836.6,1207.5,43.350
573.0,44.710,36.185,M,0.12110,3.0135,3.1112,0.58152,0.15959,118.3,118.3,54.882,8572.9,1504.0,37.037
574.0,62.555,38.907,M,0.18879,3.1874,3.6702,0.70611,0.18214,95.241,95.241,33.699,5901.9,1019.9,27.233
575.0,95.884,39.172,F,0.15638,2.9766,4.5284,0.90381,0.19656,107.1,107.1,42.192,6724.6,1177.0,35.446
576.0,81.706,38.338,M,0.23705,3.5246,4.1856,0.82397,0.21523,82.015,82.015,26.086,4779.1,821.7,24.591
577.0,52.222,38.755,M,0.21350,3.9491,3.3582,0.63613,0.16464,79.319,79.319,29.573,5272.1,908.4,25.547
578.0,38.005,32.964,F,0.11663,2.4858,2.8722,0.52939,0.13341,134.2,134.2,56.458,9115.2,1592.4,33.969
579.0,81.781,40.194,F,0.21995,3.8610,4.1875,0.82441,0.17539,79.837,79.837,29.069,5061.2,874.9,27.316
580.0,75.012,33.374,M,0.27931,2.4806,4.0132,0.78425,0.23061,99.231,99.231,19.186,4190.5,710.6,18.481
581.0,72.087,40.179,F,0.12338,1.9694,3.9354,0.76642,0.16310,151.6,151.6,53.058,8521.4,1491.2,35.627
582.0,55.747,41.052,M,0.25012,2.8525,3.4679,0.66061,0.16277,91.964,91.964,22.392,4652.6,791.3,19.693
583.0,44.739,40.312,F,0.24063,2.6465,3.1122,0.58173,0.12345,97.714,97.714,22.660,4856.4,824.2,18.792
584.0,69.536,36.381,M,0.20792,3.2576,3.8663,0.75063,0.20504,90.539,90.539,30.151,5408.0,932.0,25.818
585.0,63.140,35.636,F,0.11817,2.3091,3.6871,0.70991,0.16738,139.2,139.2,55.767,8768.7,1538.4,37.470
586.0,84.576,46.741,M,0.32413,3.3961,4.2573,0.84058,0.18538,75.262,75.262,16.774,3609.5,612.2,18.499
587.0,83.688,27.793,M,0.26589,6.7812,4.2353,0.83547,0.28723,53.509,53.509,24.984,4098.9,712.7,30.174
588.0,61.684,32.295,M,0.12275,4.0050,3.6450,0.70040,0.21182,100.3,100.3,53.960,7942.6,1405.2,44.993
589.0,48.676,40.756,M,0.088044,2.8941,3.2440,0.61080,0.15143,137.3,137.3,73.664,10629.4,1887.4,50.339
590.0,89.865,36.217,F,0.19309,3.1184,4.3863,0.87057,0.20244,96.092,96.092,33.332,5700.6,988.3,29.089
591.0,86.818,45.147,F,0.28641,2.6030,4.3124,0.85338,0.16440,95.318,95.318,19.074,4075.6,692.0,19.082
592.0,68.610,42.542,M,0.075682,3.8298,3.8409,0.74483,0.17802,122.4,122.4,77.684,10461.4,1876.3,72.088
593.0,65.701,28.190,F,0.21642,2.9443,3.7599,0.72641,0.20923,95.117,95.117,28.039,5266.1,903.4,23.628
594.0,79.418,41.658,M,0.16455,4.4491,4.1275,0.81055,0.19723,83.364,83.364,40.639,6261.5,1100.0,37.913
595.0,85.932,51.639,F,0.18581,4.4586,4.2907,0.84834,0.14571,78.949,78.949,35.836,5693.2,995.8,34.452
596.0,124.6,40.609,F,0.21424,3.4562,5.1510,1.0515,0.22174,86.790,86.790,30.242,5105.9,886.6,29.976
597.0,88.049,38.801,F,0.13817,3.5312,4.3424,0.86036,0.18864,101.7,101.7,48.006,7259.5,1279.8,41.504
598.0,90.915,34.627,F,0.23513,2.8533,4.4114,0.87644,0.21177,94.961,94.961,25.727,4846.9,831.5,23.665
599.0,98.966,33.195,M,0.30144,4.9515,4.5995,0.92049,0.27192,60.334,60.334,20.509,3774.4,648.0,23.767
600.0,113.3,45.138,M,0.35848,2.8716,4.9170,0.99559,0.22621,83.632,83.632,14.463,3279.4,554.8,17.390
601.0,88.441,40.222,M,0.21002,2.7978,4.3519,0.86257,0.21627,100.0,100.0,29.646,5355.3,922.8,25.844
602.0,63.248,41.673,M,0.13226,3.4935,3.6901,0.71061,0.17286,104.6,104.6,50.327,7695.6,1354.1,39.582
603.0,83.856,40.301,F,0.15851,4.3053,4.2394,0.83643,0.17754,86.169,86.169,42.128,6437.2,1132.4,39.190
604.0,72.222,36.855,M,0.27426,3.6306,3.9391,0.76725,0.20728,75.878,75.878,21.315,4211.3,718.7,21.145
605.0,70.755,34.115,M,0.46833,3.3825,3.8995,0.75820,0.21881,67.803,67.803,8.9289,2544.6,426.6,12.966
606.0,74.817,42.773,M,0.21218,3.6112,4.0081,0.78307,0.18629,84.305,84.305,29.966,5262.1,908.9,26.881
607.0,75.679,40.771,M,0.18387,3.3488,4.0307,0.78827,0.19537,93.572,93.572,35.303,5952.5,1033.5,29.865
608.0,91.225,44.332,M,0.24563,3.1747,4.4188,0.87816,0.20262,86.914,86.914,24.694,4640.8,796.1,23.592
609.0,51.564,46.570,F,0.10001,2.3149,3.3374,0.63149,0.11847,148.2,148.2,65.918,10048.1,1770.6,41.418
610.0,99.318,26.002,F,0.14632,3.9870,4.6075,0.92238,0.28465,92.621,92.621,45.344,6791.7,1198.8,42.642
611.0,86.929,41.639,M,0.23158,3.8168,4.3152,0.85401,0.20789,78.790,78.790,27.318,4838.5,834.8,26.322
612.0,99.805,30.747,F,0.26026,3.9788,4.6186,0.92499,0.24738,73.426,73.426,23.914,4344.3,747.4,24.885
613.0,93.567,41.877,M,0.15115,4.3967,4.4743,0.89112,0.21587,86.733,86.733,44.012,6578.3,1161.2,42.510
614.0,82.784,40.167,F,0.16988,2.6789,4.2127,0.83023,0.17673,111.0,111.0,38.052,6424.4,1116.0,30.370
615.0,62.901,41.699,M,0.31538,2.2268,3.6802,0.70836,0.17222,104.3,104.3,14.998,3754.2,632.3,15.442
616.0,82.326,33.678,M,0.15751,5.7843,4.2012,0.82758,0.24148,74.008,74.008,42.241,6157.1,1090.2,45.493
617.0,95.862,34.788,F,0.16070,2.5099,4.5279,0.90369,0.21750,118.2,118.2,40.575,6682.4,1164.9,32.678
618.0,101.3,36.937,M,0.30209,3.6697,4.6516,0.93277,0.25152,73.290,73.290,19.307,3823.2,652.5,21.175
619.0,52.323,38.010,M,0.13102,3.3092,3.3614,0.63684,0.16758,108.5,108.5,50.799,7910.8,1388.3,37.228
620.0,97.347,40.887,F,0.24209,2.8469,4.5623,0.91176,0.19116,94.310,94.310,24.899,4712.7,808.1,23.478
621.0,102.0,46.360,F,0.11368,3.8300,4.6680,0.93662,0.17640,104.1,104.1,56.393,8010.3,1425.5,53.768
622.0,78.328,39.584,M,0.14189,3.2409,4.0995,0.80410,0.20438,105.8,105.8,46.770,7270.1,1276.6,37.918
623.0,112.9,36.561,M,0.25614,3.9066,4.9071,0.99324,0.27018,74.902,74.902,24.546,4387.4,756.3,25.876
624.0,82.356,35.843,F,0.28084,3.1552,4.2020,0.82775,0.19420,83.131,83.131,20.282,4130.9,703.6,20.329
625.0,50.020,39.313,M,0.19633,1.8851,3.2878,0.62049,0.15864,133.9,133.9,28.783,5900.1,1005.5,20.758
626.0,84.393,42.349,M,0.43674,3.7463,4.2528,0.83952,0.20143,63.915,63.915,10.778,2715.5,456.9,14.796
627.0,87.184,33.944,F,0.20266,3.4075,4.3214,0.85546,0.21025,89.169,89.169,31.716,5451.7,944.3,28.505
628.0,63.379,39.394,M,0.14124,3.6292,3.6939,0.71146,0.18158,99.693,99.693,47.181,7302.7,1282.6,37.844
629.0,59.621,43.606,F,0.18075,2.6981,3.5845,0.68677,0.13628,107.6,107.6,34.675,6204.5,1070.1,26.286
630.0,96.068,35.856,M,0.29962,3.4927,4.5327,0.90481,0.25025,75.978,75.978,19.226,3864.7,658.8,20.682
631.0,83.829,38.304,F,0.12332,2.9542,4.2387,0.83628,0.18538,117.8,117.8,53.524,8071.8,1424.1,42.573
632.0,80.453,36.457,M,0.14699,4.3479,4.1539,0.81664,0.22268,88.540,88.540,45.335,6796.4,1199.0,41.890
633.0,91.379,42.001,M,0.20521,3.3604,4.4225,0.87901,0.21240,89.556,89.556,31.267,5388.8,933.2,28.382
634.0,111.3,36.871,M,0.26449,3.2555,4.8730,0.98513,0.26605,83.570,83.570,22.882,4312.6,739.6,23.486
635.0,84.986,36.103,F,0.13926,3.1631,4.2674,0.84293,0.19655,108.0,108.0,47.607,7342.7,1291.0,39.080
636.0,86.604,36.601,F,0.17413,3.0075,4.3072,0.85217,0.19639,102.2,102.2,37.416,6225.8,1083.3,31.280
637.0,46.609,40.619,M,0.18480,3.6077,3.1755,0.59567,0.14810,88.959,88.959,34.703,6022.9,1041.3,27.307
638.0,124.1,38.983,F,0.15502,4.6789,5.1411,1.0491,0.22910,82.441,82.441,42.600,6252.8,1106.8,45.752
639.0,62.626,36.195,M,0.38331,3.0813,3.6722,0.70657,0.19386,76.530,76.530,11.922,3097.7,520.8,14.423
640.0,90.717,43.236,M,0.30328,2.5082,4.4067,0.87533,0.20634,96.652,96.652,17.495,3864.1,654.8,18.194
641.0,66.151,32.309,M,0.16055,3.4896,3.7725,0.72929,0.22047,96.533,96.533,41.157,6648.6,1160.7,33.316
642.0,84.165,41.036,F,0.28906,3.8905,4.2471,0.83822,0.17520,71.296,71.296,20.403,3988.0,681.2,21.502
643.0,74.071,39.346,M,0.73157,2.2437,3.9884,0.77854,0.19891,91.750,91.750,3.2378,1639.0,273.4,8.5753
644.0,55.850,39.523,F,0.096864,1.9540,3.4711,0.66131,0.14273,165.8,165.8,67.804,10398.3,1831.4,41.226
645.0,126.6,33.854,F,0.21556,3.8623,5.1915,1.0612,0.26141,80.766,80.766,30.340,5031.3,875.4,31.152
646.0,58.511,44.553,M,0.097329,2.9431,3.5515,0.67935,0.15609,130.2,130.2,67.036,9772.5,1732.7,48.304
647.0,69.754,35.663,F,0.29297,3.2122,3.8723,0.75199,0.17719,80.586,80.586,18.764,3986.5,676.8,18.895
648.0,74.303,48.579,M,0.17235,2.6471,3.9945,0.77996,0.16644,111.2,111.2,37.171,6394.4,1108.2,28.955
649.0,63.665,39.946,F,0.14129,2.7938,3.7021,0.71332,0.15256,115.9,115.9,46.587,7521.6,1314.0,34.015
650.0,117.8,34.757,M,0.19912,5.8612,5.0114,1.0181,0.28917,65.883,65.883,33.693,5107.9,899.2,39.498
651.0,102.9,36.077,M,0.23056,4.9563,4.6878,0.94130,0.25898,67.730,67.730,28.564,4712.4,819.8,30.775
652.0,37.234,48.668,F,0.052540,2.4672,2.8434,0.52316,0.094524,181.8,181.8,111.5,15091.1,2705.7,72.128
653.0,87.420,36.531,M,0.20494,4.7111,4.3271,0.85680,0.23323,73.360,73.360,32.345,5241.8,914.1,32.345
654.0,69.745,39.908,M,0.18098,3.0404,3.8720,0.75193,0.18980,99.860,99.860,35.470,6102.2,1057.1,28.590
655.0,83.844,40.936,F,0.14740,3.9155,4.2391,0.83636,0.17517,93.567,93.567,45.174,6868.2,1209.5,40.253
656.0,80.863,44.036,F,0.17041,3.2861,4.1643,0.81904,0.16118,97.605,97.605,38.529,6309.8,1099.9,32.374
657.0,51.484,40.189,M,0.32804,2.5301,3.3348,0.63092,0.15830,92.678,92.678,14.018,3616.9,608.4,14.726
658.0,93.605,36.478,F,0.21635,2.8379,4.4751,0.89133,0.20601,98.144,98.144,28.726,5204.2,896.5,25.678
659.0,76.545,40.959,F,0.13798,3.9018,4.0534,0.79347,0.16611,96.476,96.476,48.199,7246.0,1278.1,41.846
660.0,82.931,43.055,F,0.13294,2.5538,4.2164,0.83109,0.16673,125.1,125.1,49.620,7787.4,1366.4,37.569
661.0,138.9,40.515,F,0.15761,5.0044,5.4333,1.1195,0.23656,78.702,78.702,41.695,6054.4,1073.4,47.716
662.0,93.186,46.991,M,0.21069,4.5020,4.4653,0.88902,0.19518,74.361,74.361,31.277,5137.2,894.4,31.337
663.0,60.378,37.194,M,0.17667,3.1571,3.6068,0.69179,0.18544,98.377,98.377,36.422,6250.0,1082.8,28.586
664.0,52.321,34.684,F,0.12390,2.5479,3.3614,0.63683,0.15366,129.0,129.0,53.215,8500.9,1487.5,35.237
665.0,54.546,41.773,M,0.13566,2.6801,3.4310,0.65235,0.15836,120.7,120.7,48.428,7871.3,1373.9,33.375
666.0,49.489,40.009,M,0.18416,2.4059,3.2706,0.61667,0.15532,114.9,114.9,32.773,6190.0,1061.8,23.633
667.0,67.456,42.648,F,0.14328,2.8248,3.8090,0.73757,0.14917,114.5,114.5,45.964,7404.7,1294.0,34.242
668.0,111.2,29.976,M,0.21471,4.7156,4.8712,0.98469,0.31736,71.856,71.856,30.860,4988.3,870.4,32.786
669.0,68.613,37.434,M,0.34071,2.5479,3.8410,0.74485,0.19857,91.988,91.988,13.927,3475.7,585.4,15.366
670.0,117.5,35.914,F,0.17454,5.5208,5.0044,1.0164,0.23806,71.955,71.955,38.173,5648.9,998.2,43.490
671.0,62.534,42.772,F,0.082537,3.7361,3.6696,0.70597,0.14242,121.1,121.1,74.255,10185.9,1821.9,64.030
672.0,74.108,30.822,F,0.12223,3.7302,3.9894,0.77878,0.20784,103.9,103.9,53.953,7937.5,1404.8,45.683
673.0,83.438,42.295,M,0.12566,3.4628,4.2290,0.83402,0.20033,106.8,106.8,52.519,7801.2,1379.0,44.432
674.0,83.086,41.013,F,0.085330,2.6972,4.2202,0.83198,0.17398,141.2,141.2,73.330,10311.3,1838.8,58.388
675.0,72.589,34.498,F,0.25166,2.6359,3.9489,0.76951,0.18653,97.761,97.761,22.536,4608.7,785.0,20.430
676.0,68.106,28.698,M,0.13761,5.4199,3.8270,0.74167,0.24809,81.501,81.501,47.971,6902.1,1224.6,48.126
677.0,55.670,32.489,F,0.25418,3.4733,3.4656,0.66008,0.16842,79.956,79.956,22.905,4549.3,776.0,20.913
678.0,87.017,38.521,M,0.14665,2.7977,4.3173,0.85451,0.22231,114.0,114.0,44.980,7150.8,1252.2,35.840
679.0,73.321,43.104,M,0.17260,3.5686,3.9684,0.77398,0.18292,92.456,92.456,38.136,6233.3,1086.5,32.242
680.0,72.238,39.895,M,0.34620,3.6241,3.9395,0.76735,0.19374,69.985,69.985,15.114,3397.2,574.6,17.201
681.0,118.9,37.706,F,0.30997,2.6104,5.0347,1.0236,0.22999,93.765,93.765,17.794,3759.1,638.9,19.484
682.0,107.1,34.291,F,0.21665,3.3975,4.7823,0.96362,0.23479,87.260,87.260,29.570,5107.8,884.3,28.289
683.0,74.375,38.061,F,0.10788,2.3729,3.9964,0.78039,0.17394,141.1,141.1,60.890,9187.5,1621.6,43.221
684.0,65.160,44.242,M,0.12973,4.4849,3.7446,0.72295,0.16710,92.239,92.239,51.071,7471.0,1322.7,45.677
685.0,101.1,42.024,F,0.14057,2.4918,4.6487,0.93208,0.19090,124.3,124.3,46.861,7368.5,1292.8,37.536
686.0,74.827,35.785,F,0.14596,3.1730,4.0084,0.78313,0.18399,106.0,106.0,45.393,7162.3,1255.0,36.174
687.0,84.742,36.641,M,0.24777,2.7354,4.2614,0.84153,0.22849,96.004,96.004,23.623,4646.7,794.0,21.855
688.0,72.753,41.117,M,0.14034,2.8962,3.9533,0.77051,0.18959,113.6,113.6,47.098,7462.7,1307.2,35.973
689.0,57.198,41.563,F,0.091975,3.6692,3.5120,0.67049,0.13862,118.1,118.1,69.215,9726.4,1733.4,55.956
690.0,100.1,41.242,M,0.24073,4.1146,4.6252,0.92654,0.22739,74.187,74.187,26.521,4630.4,800.2,27.113
691.0,72.338,37.223,M,0.10866,5.7466,3.9422,0.76797,0.20572,86.718,86.718,56.931,7761.8,1388.7,63.303
692.0,107.1,40.690,F,0.18114,2.8692,4.7826,0.96370,0.20288,103.9,103.9,35.920,5976.1,1040.1,31.522
693.0,131.2,42.316,M,0.19532,4.7854,5.2832,1.0833,0.26009,74.086,74.086,34.174,5289.8,928.8,37.585
694.0,68.832,47.916,F,0.17736,3.1207,3.8470,0.74622,0.13663,99.036,99.036,36.417,6195.2,1074.6,29.317
695.0,73.640,30.062,F,0.21072,3.6509,3.9769,0.77592,0.21154,83.964,83.964,30.243,5291.9,914.4,27.067
696.0,77.180,40.127,F,0.21819,2.5745,4.0699,0.79727,0.16986,104.3,104.3,27.541,5231.6,896.9,23.410
697.0,74.193,35.566,M,0.093347,2.9063,3.9916,0.77929,0.21704,132.0,132.0,68.580,9798.2,1742.8,53.334
698.0,90.422,36.968,M,0.39967,4.0169,4.3996,0.87368,0.23542,62.367,62.367,12.847,2949.0,498.2,16.625
699.0,87.657,48.240,M,0.22021,2.7422,4.3329,0.85814,0.18422,99.752,99.752,27.792,5148.9,884.9,24.539
700.0,57.884,37.803,F,0.12832,2.9335,3.5327,0.67513,0.15135,117.0,117.0,51.661,8095.9,1420.0,37.002
701.0,90.014,35.271,M,0.31016,3.7537,4.3898,0.87140,0.24442,71.284,71.284,18.454,3741.1,637.1,20.244
702.0,67.182,40.532,M,0.14408,2.5494,3.8014,0.73584,0.18329,121.6,121.6,45.382,7445.2,1298.2,32.795
703.0,83.954,40.042,M,0.18284,2.5660,4.2419,0.83700,0.21066,111.2,111.2,34.745,6063.0,1049.1,28.105
704.0,80.109,36.151,M,0.25713,3.6957,4.1451,0.81462,0.22374,77.043,77.043,23.589,4443.1,761.6,23.146
705.0,91.906,47.517,F,0.12371,3.3202,4.4350,0.88194,0.16264,109.7,109.7,53.145,7859.4,1390.5,45.513
706.0,71.016,35.407,M,0.14067,2.9852,3.9066,0.75983,0.21243,111.5,111.5,47.038,7438.8,1303.2,36.070
707.0,90.962,39.636,M,0.26253,3.7390,4.4125,0.87670,0.22258,76.041,76.041,23.233,4341.6,744.8,23.548
708.0,71.163,42.056,M,0.12352,2.9923,3.9106,0.76073,0.18361,117.2,117.2,53.609,8166.8,1438.5,40.833
709.0,55.339,44.474,F,0.14437,3.4225,3.4554,0.65781,0.12836,102.1,102.1,45.993,7303.6,1278.0,34.950
710.0,39.979,42.055,F,0.13853,2.7186,2.9446,0.54511,0.11157,118.6,118.6,46.945,7872.0,1367.9,30.405
711.0,37.802,38.287,F,0.11773,1.9669,2.8646,0.52776,0.11704,154.1,154.1,54.819,9246.3,1607.1,30.793
712.0,83.438,36.515,M,0.21202,4.7305,4.2290,0.83402,0.22711,72.095,72.095,31.116,5113.9,890.0,31.055
713.0,49.085,39.672,F,0.19271,2.6346,3.2574,0.61376,0.13204,106.3,106.3,31.309,5923.0,1015.5,23.380
714.0,88.037,35.381,M,0.29837,3.3169,4.3421,0.86029,0.24066,78.746,78.746,18.939,3895.4,662.9,19.939
715.0,64.895,39.159,F,0.20142,1.9550,3.7371,0.72125,0.15690,130.1,130.1,28.873,5711.5,976.2,22.086
716.0,79.783,32.342,F,0.22095,3.7165,4.1368,0.81270,0.20816,81.543,81.543,28.716,5061.8,873.9,26.620
717.0,73.105,39.334,M,0.19946,2.8405,3.9627,0.77266,0.19746,100.6,100.6,31.272,5638.4,971.6,25.839
718.0,66.195,39.847,M,0.43820,2.4293,3.7738,0.72957,0.18439,90.721,90.721,8.8313,2723.9,456.1,12.275
719.0,103.5,36.235,F,0.19546,3.2629,4.7022,0.94470,0.21959,93.049,93.049,33.212,5580.9,969.7,30.382
720.0,54.255,47.042,M,0.13982,2.9892,3.4219,0.65033,0.14264,111.8,111.8,47.196,7608.2,1329.0,33.832
721.0,113.3,40.152,F,0.17061,3.2294,4.9149,0.99510,0.21189,98.570,98.570,38.697,6172.4,1080.1,35.236
722.0,65.505,41.721,F,0.18860,3.1626,3.7544,0.72516,0.14944,95.795,95.795,33.790,5897.9,1019.7,27.493
723.0,68.921,38.635,F,0.10408,2.1032,3.8494,0.74679,0.16433,154.0,154.0,63.092,9616.4,1695.1,42.026
724.0,88.993,40.466,M,0.26886,2.6486,4.3653,0.86568,0.21593,95.910,95.910,21.056,4314.4,734.8,20.408
725.0,82.097,40.508,M,0.27305,3.3717,4.1954,0.82625,0.20591,80.137,80.137,21.389,4227.0,721.6,21.316
726.0,75.008,27.478,F,0.30636,3.7349,4.0131,0.78422,0.23086,71.527,71.527,18.390,3800.1,646.2,19.544
727.0,82.112,46.316,F,0.11477,2.7263,4.1958,0.82633,0.15575,126.8,126.8,57.284,8578.6,1515.4,44.007
728.0,60.607,41.416,M,0.12644,2.6447,3.6135,0.69331,0.16954,125.0,125.0,52.252,8252.5,1446.4,36.485
729.0,108.8,39.726,F,0.13914,4.2589,4.8185,0.97220,0.20891,90.880,90.880,47.236,6894.2,1221.6,47.110
730.0,85.815,41.454,F,0.13193,3.4439,4.2879,0.84767,0.17565,105.0,105.0,50.177,7536.1,1330.0,42.639
731.0,73.914,42.883,F,0.16873,4.1519,3.9842,0.77759,0.15653,85.684,85.684,39.494,6232.4,1091.2,35.257
732.0,74.595,35.861,M,0.28110,3.7238,4.0022,0.78173,0.21618,73.975,73.975,20.772,4110.7,701.4,21.052
733.0,105.0,41.346,F,0.28439,4.8301,4.7354,0.95253,0.19781,62.832,62.832,22.102,3967.6,683.1,25.147
734.0,52.178,34.784,F,0.23239,2.3795,3.3568,0.63582,0.15304,107.2,107.2,23.739,5014.9,852.2,19.433
735.0,61.859,35.025,M,0.29487,3.4657,3.6500,0.70155,0.19796,75.982,75.982,18.671,3962.4,672.6,18.768
736.0,126.9,35.288,M,0.18332,3.9750,5.1986,1.0629,0.29801,84.579,84.579,36.241,5678.5,995.8,36.688
737.0,80.045,49.408,F,0.13892,3.0478,4.1435,0.81425,0.14523,110.6,110.6,47.695,7422.8,1303.4,37.996
738.0,69.041,46.669,F,0.13617,2.0961,3.8527,0.74754,0.13999,140.7,140.7,47.748,7888.5,1375.0,32.688
739.0,111.8,55.000,M,0.30965,4.8402,4.8839,0.98773,0.18958,60.642,60.642,19.879,3677.8,631.2,23.623
740.0,103.0,46.746,F,0.20910,4.3536,4.6914,0.94214,0.17618,76.070,76.070,31.530,5157.4,898.6,31.872
741.0,50.273,34.627,F,0.12310,1.5671,3.2960,0.62230,0.15037,176.9,176.9,51.752,8901.1,1544.4,29.974
742.0,84.332,37.668,M,0.27225,3.4065,4.2512,0.83917,0.22253,79.709,79.709,21.581,4233.1,723.1,21.598
743.0,75.060,40.464,F,0.15787,3.2234,4.0145,0.78454,0.16595,101.8,101.8,41.790,6738.1,1177.0,33.842
744.0,65.742,34.769,M,0.18414,3.4515,3.7610,0.72668,0.20634,91.733,91.733,35.160,5972.6,1035.8,29.137
745.0,81.018,36.729,F,0.18962,3.1227,4.1682,0.81995,0.18840,96.580,96.580,33.891,5816.8,1007.9,28.777
746.0,75.323,35.376,M,0.44008,3.2323,4.0214,0.78613,0.21994,71.508,71.508,9.9188,2703.7,453.9,13.648
747.0,64.922,44.116,F,0.15247,2.8685,3.7379,0.72142,0.14175,110.7,110.7,42.927,7064.4,1230.9,32.168
748.0,85.862,44.011,M,0.067245,2.7274,4.2890,0.84794,0.19687,150.6,150.6,85.897,11598.5,2080.5,74.506
749.0,84.826,38.106,M,0.26911,5.8701,4.2635,0.84201,0.22109,57.421,57.421,24.175,4121.7,713.4,27.695
750.0,111.7,35.547,M,0.37899,3.0479,4.8812,0.98709,0.27503,78.614,78.614,13.414,3109.0,525.2,16.792
751.0,88.007,35.637,M,0.14796,4.1225,4.3414,0.86012,0.23914,90.734,90.734,44.983,6773.9,1194.5,41.523
752.0,68.119,37.479,M,0.15671,3.4523,3.8273,0.74175,0.19754,98.113,98.113,42.243,6768.7,1183.1,34.176
753.0,87.309,36.521,F,0.36131,4.1245,4.3244,0.85617,0.19768,63.222,63.222,15.045,3241.6,549.5,18.186
754.0,49.196,39.600,F,0.10769,1.9567,3.2610,0.61456,0.13242,159.8,159.8,60.923,9735.5,1704.6,35.975
755.0,86.598,32.770,M,0.25636,2.8667,4.3071,0.85213,0.25451,91.853,91.853,22.774,4495.7,767.9,21.645
756.0,62.110,47.385,M,0.24886,2.9105,3.6573,0.70320,0.15328,91.072,91.072,22.943,4658.6,793.7,20.471
757.0,52.410,35.520,M,0.19285,2.6317,3.3642,0.63746,0.17773,106.5,106.5,31.450,5906.0,1013.4,23.752
758.0,87.656,37.483,M,0.20969,2.4798,4.3329,0.85814,0.22852,108.8,108.8,29.219,5397.7,928.2,24.866
759.0,105.4,45.102,F,0.13230,4.3650,4.7448,0.95476,0.18409,91.519,91.519,49.323,7109.1,1262.0,49.586
760.0,107.3,44.060,M,0.45408,2.6919,4.7854,0.96436,0.22369,83.442,83.442,9.5920,2619.4,439.8,13.832
761.0,88.950,39.836,M,0.14844,4.5562,4.3642,0.86544,0.21879,85.813,85.813,44.789,6648.2,1174.6,43.437
762.0,105.8,42.430,M,0.20544,3.6705,4.7521,0.95649,0.22912,84.837,84.837,31.714,5305.1,922.0,30.461
763.0,82.740,43.902,F,0.13134,2.8970,4.2116,0.82998,0.16376,116.4,116.4,50.379,7752.1,1363.7,39.677
764.0,52.422,30.567,F,0.17164,3.5515,3.3646,0.63754,0.17136,92.815,92.815,38.003,6375.3,1107.1,29.829
765.0,98.937,48.769,F,0.17350,2.4171,4.5988,0.92033,0.16599,118.1,118.1,37.128,6292.0,1092.9,30.393
766.0,74.887,40.778,M,0.26461,2.7167,4.0099,0.78349,0.19416,94.196,94.196,21.174,4394.3,747.6,19.899
767.0,111.5,39.651,F,0.48096,4.9646,4.8773,0.98615,0.21225,50.629,50.629,10.544,2454.9,414.2,16.087
768.0,68.264,37.370,F,0.14122,2.5857,3.8313,0.74266,0.16814,121.5,121.5,46.457,7543.8,1317.2,33.727
769.0,109.3,43.423,M,0.18663,2.5474,4.8305,0.97504,0.22900,111.3,111.3,34.407,5875.2,1019.4,29.744
770.0,117.9,40.751,F,0.14618,4.4880,5.0138,1.0187,0.21418,86.426,86.426,45.010,6571.0,1164.2,46.920
771.0,107.9,32.649,M,0.44554,3.1451,4.8001,0.96783,0.28999,73.587,73.587,10.348,2663.4,447.9,14.650
772.0,73.378,31.088,M,0.28221,7.1625,3.9700,0.77433,0.24192,50.510,50.510,23.416,3900.2,676.6,28.720
773.0,68.728,43.606,M,0.13655,2.5361,3.8441,0.74557,0.17448,124.5,124.5,48.138,7750.4,1355.0,34.633
774.0,48.031,42.989,M,0.14569,2.6478,3.2228,0.60610,0.14357,118.1,118.1,44.445,7504.4,1303.2,30.073
775.0,65.772,34.697,M,0.32790,2.8535,3.7619,0.72687,0.20676,84.875,84.875,15.169,3600.5,607.6,16.239
776.0,82.571,40.713,M,0.23930,2.9478,4.2073,0.82900,0.20571,92.099,92.099,25.027,4782.0,819.1,22.934
777.0,75.627,33.739,M,0.17425,4.1523,4.0294,0.78796,0.22956,84.485,84.485,38.172,6074.5,1062.3,34.387
778.0,90.464,36.778,M,0.21516,4.7239,4.4006,0.87392,0.23652,71.700,71.700,30.657,5035.1,876.5,31.182
779.0,68.020,43.760,M,0.19245,3.4518,3.8246,0.74113,0.17291,90.096,90.096,33.403,5751.3,995.8,28.209
780.0,43.340,33.771,M,0.14834,2.3476,3.0639,0.57115,0.16626,126.3,126.3,42.680,7501.0,1296.6,27.522
781.0,68.695,37.714,M,0.26946,4.7151,3.8432,0.74537,0.19745,64.796,64.796,22.992,4221.9,724.9,23.765
782.0,43.373,47.718,F,0.063901,1.6747,3.0651,0.57140,0.10499,210.6,210.6,99.286,14283.4,2540.0,53.878
783.0,90.640,49.847,M,0.15552,2.8554,4.4048,0.87490,0.18264,110.2,110.2,42.319,6807.3,1190.1,34.564
784.0,80.238,36.959,M,0.32368,3.0379,4.1484,0.81538,0.21976,81.650,81.650,16.234,3628.4,614.1,17.613
785.0,78.388,39.180,M,0.17182,5.2018,4.1011,0.80446,0.20627,75.303,75.303,39.062,5934.5,1044.3,39.169
786.0,69.890,49.091,M,0.10166,3.5615,3.8760,0.75283,0.15922,114.6,114.6,63.380,9035.9,1607.0,52.631
787.0,94.187,43.755,M,0.40637,3.1321,4.4888,0.89453,0.20872,75.228,75.228,11.721,2914.7,490.8,15.260
788.0,98.966,35.582,F,0.28305,3.5929,4.5995,0.92049,0.21731,76.067,76.067,20.995,4059.3,694.3,22.149
789.0,78.403,39.232,F,0.11717,3.8334,4.1015,0.80455,0.17474,103.9,103.9,55.784,8076.5,1432.9,48.833
790.0,112.7,40.379,M,0.24819,5.1728,4.9027,0.99219,0.24795,64.037,64.037,26.427,4404.2,765.1,29.910
791.0,78.527,40.989,M,0.21849,3.8906,4.1047,0.80529,0.19868,79.651,79.651,29.278,5095.4,880.8,27.301
792.0,56.466,38.570,M,0.14840,4.9620,3.4898,0.66552,0.17295,82.830,82.830,45.210,6768.7,1193.6,41.060
793.0,84.997,36.700,M,0.36789,3.6533,4.2677,0.84299,0.22857,68.534,68.534,14.103,3199.3,540.9,17.014
794.0,98.557,39.431,M,0.28057,4.2245,4.5901,0.91829,0.23418,68.593,68.593,21.881,4057.6,696.5,23.716
795.0,82.511,34.208,F,0.21851,2.8271,4.2058,0.82865,0.20232,97.841,97.841,28.052,5188.5,891.7,24.542
796.0,82.548,35.051,M,0.28084,4.0476,4.2068,0.82887,0.23374,70.226,70.226,21.368,4086.3,699.3,22.316
797.0,97.427,43.138,F,0.19643,2.6669,4.5641,0.91219,0.18270,105.9,105.9,32.268,5654.5,977.9,27.810
798.0,97.086,47.622,F,0.14292,3.3238,4.5563,0.91034,0.16756,103.7,103.7,46.378,7086.8,1247.7,40.298
799.0,65.170,24.862,M,0.22274,3.0979,3.7449,0.72302,0.27338,90.969,90.969,27.206,5122.7,878.5,23.406
800.0,67.315,31.149,M,0.18730,2.6149,3.8050,0.73668,0.22977,108.6,108.6,33.292,5999.1,1034.0,26.006
801.0,82.719,37.924,F,0.26881,3.9448,4.2110,0.82986,0.18553,72.643,72.643,22.560,4253.2,728.9,22.992
802.0,81.774,38.350,F,0.21426,3.1417,4.1873,0.82436,0.18255,91.836,91.836,29.190,5247.7,904.4,25.846
803.0,130.0,35.813,M,0.66846,4.2394,5.2600,1.0777,0.29837,52.810,52.810,5.8520,1786.2,299.0,11.993
804.0,95.560,36.844,F,0.18084,2.7495,4.5209,0.90205,0.20671,106.8,106.8,35.691,6045.6,1049.8,30.126
805.0,67.899,34.719,F,0.13974,2.8539,3.8212,0.74036,0.17849,114.9,114.9,47.244,7535.2,1318.6,35.250
806.0,80.472,43.173,F,0.096320,3.3105,4.1544,0.81675,0.16347,121.0,121.0,65.932,9313.8,1659.2,55.738
807.0,77.486,39.815,M,0.17777,2.8902,4.0778,0.79910,0.20211,103.9,103.9,36.223,6181.5,1072.1,29.348
808.0,57.035,41.565,F,0.23615,2.1535,3.5071,0.66939,0.13839,115.2,115.2,22.979,4944.7,839.5,19.041
809.0,70.432,44.200,F,0.17226,2.1575,3.8907,0.75621,0.14834,127.5,127.5,36.257,6495.3,1120.9,26.747
810.0,146.7,40.977,F,0.18886,2.9280,5.5832,1.1559,0.24189,101.1,101.1,34.687,5650.5,986.3,33.513
811.0,87.696,36.761,F,0.16861,5.0144,4.3339,0.85836,0.19708,77.274,77.274,39.709,6004.0,1057.5,40.131
812.0,101.4,49.650,F,0.10474,3.9840,4.6544,0.93342,0.16580,105.0,105.0,59.852,8340.4,1488.5,59.082
813.0,58.697,38.880,F,0.17519,2.3247,3.5570,0.68060,0.14896,120.1,120.1,35.312,6431.7,1107.6,25.592
814.0,124.8,42.134,M,0.30849,4.0325,5.1560,1.0527,0.25368,68.527,68.527,19.498,3713.1,635.8,22.685
815.0,61.444,42.264,M,0.11726,2.9376,3.6380,0.69883,0.16796,121.1,121.1,56.492,8594.5,1514.1,40.947
816.0,65.495,37.239,F,0.21101,2.7230,3.7541,0.72510,0.16465,101.2,101.2,28.614,5405.9,927.1,23.499
817.0,67.138,39.560,M,0.38721,2.6740,3.8001,0.73555,0.18706,85.772,85.772,11.354,3070.8,515.7,13.941
818.0,68.728,52.171,M,0.15060,4.9609,3.8441,0.74558,0.14970,81.996,81.996,44.411,6614.0,1167.5,42.165
819.0,60.792,37.133,F,0.15430,3.3130,3.6189,0.69453,0.15810,101.1,101.1,42.766,6928.4,1209.2,33.130
820.0,85.656,36.028,F,0.18074,2.9830,4.2840,0.84676,0.19779,101.3,101.3,35.797,6050.7,1050.7,30.040
821.0,86.209,46.622,M,0.094588,4.2147,4.2975,0.84992,0.18785,106.4,106.4,64.762,8875.6,1587.7,64.197
822.0,96.348,38.851,F,0.27105,3.1822,4.5392,0.90634,0.19850,83.938,83.938,21.732,4244.9,725.6,21.929
823.0,65.550,30.754,F,0.26082,2.9973,3.7556,0.72545,0.19398,87.901,87.901,21.720,4452.7,758.0,20.114
824.0,63.291,39.587,M,0.13997,2.5909,3.6914,0.71090,0.18068,121.7,121.7,46.836,7633.2,1332.1,33.323
825.0,54.000,39.622,M,0.32932,3.4168,3.4140,0.64856,0.16471,73.663,73.663,15.424,3581.7,604.7,16.429
826.0,60.245,40.380,M,0.14126,3.0390,3.6029,0.69091,0.17265,110.3,110.3,46.795,7485.4,1309.0,34.650
827.0,56.708,40.750,F,0.10143,3.6391,3.4972,0.66716,0.14028,114.3,114.3,64.103,9197.4,1633.9,50.615
828.0,66.406,40.976,F,0.10625,2.9283,3.7797,0.73091,0.15296,125.8,125.8,61.778,9128.2,1615.3,45.851
829.0,80.251,42.721,M,0.24024,3.5042,4.1488,0.81546,0.19420,81.871,81.871,25.574,4728.6,812.2,24.129
830.0,59.796,36.795,M,0.28683,3.2305,3.5896,0.68793,0.18611,80.519,80.519,19.024,4077.4,691.7,18.579
831.0,110.1,38.091,M,0.36514,4.9302,4.8465,0.97885,0.25710,56.109,56.109,15.901,3173.8,540.9,20.418
832.0,76.825,38.013,M,0.21330,3.9724,4.0607,0.79515,0.20922,79.447,79.447,30.200,5194.2,899.1,28.013
833.0,90.709,45.704,M,0.21851,3.0143,4.4065,0.87529,0.19677,93.854,93.854,28.523,5150.2,887.3,25.733
834.0,85.534,49.923,F,0.10881,2.2354,4.2809,0.84606,0.14958,145.5,145.5,60.203,9065.5,1600.8,43.880
835.0,73.989,34.257,M,0.27911,3.7009,3.9862,0.77805,0.22374,74.464,74.464,20.934,4139.1,706.3,21.094
836.0,66.367,42.653,M,0.13662,3.2569,3.7786,0.73066,0.17424,107.3,107.3,48.626,7561.0,1327.5,37.707
837.0,54.630,38.922,F,0.23015,3.2377,3.4336,0.65293,0.14277,86.958,86.958,25.850,4992.5,853.9,22.131
838.0,75.061,37.980,F,0.11726,3.1785,4.0145,0.78454,0.17518,115.4,115.4,56.202,8353.3,1476.7,44.572
839.0,90.221,38.040,M,0.37173,5.6932,4.3948,0.87256,0.22945,50.596,50.596,15.791,3115.4,531.1,20.493
840.0,61.149,38.679,M,0.22724,2.0219,3.6294,0.69689,0.18067,122.4,122.4,24.263,5123.0,871.0,19.719
841.0,79.414,40.127,F,0.16265,2.2349,4.1274,0.81053,0.17268,127.0,127.0,39.338,6753.8,1171.3,29.505
842.0,60.281,34.534,F,0.14551,2.6682,3.6039,0.69115,0.16739,117.8,117.8,44.891,7409.5,1290.7,32.059
843.0,102.0,44.676,F,0.32431,4.4914,4.6684,0.93672,0.18208,62.335,62.335,18.256,3554.2,607.1,21.489
844.0,56.918,38.648,M,0.19104,2.4208,3.5036,0.66859,0.17345,113.2,113.2,31.642,5962.3,1023.0,23.787
845.0,65.732,42.700,F,0.096358,2.0523,3.7607,0.72661,0.14680,160.7,160.7,67.902,10212.2,1803.7,44.205
846.0,76.335,41.170,M,0.15377,3.5692,4.0479,0.79221,0.19472,96.968,96.968,43.217,6788.8,1190.0,36.309
847.0,69.681,43.290,M,0.12702,3.6015,3.8703,0.75154,0.17696,104.5,104.5,52.226,7820.2,1380.4,42.699
848.0,86.833,41.971,M,0.16231,3.8604,4.3128,0.85347,0.20635,90.611,90.611,41.007,6404.4,1123.4,36.839
849.0,107.8,36.743,M,0.21337,4.0470,4.7963,0.96694,0.26192,78.765,78.765,30.657,5098.3,886.5,30.694
850.0,68.343,37.323,F,0.10854,2.4403,3.8335,0.74316,0.16843,138.7,138.7,60.656,9193.9,1621.4,42.323
851.0,82.898,40.684,F,0.14324,3.5568,4.2155,0.83089,0.17495,99.909,99.909,46.409,7106.7,1250.4,39.600
852.0,75.165,47.664,F,0.17388,2.9179,4.0172,0.78517,0.14441,104.1,104.1,37.166,6299.6,1093.5,29.809
853.0,84.338,36.509,F,0.16431,2.8190,4.2514,0.83921,0.19382,108.8,108.8,39.726,6563.4,1143.2,32.035
854.0,51.926,40.000,F,0.14309,1.8269,3.3489,0.63405,0.13545,151.5,151.5,43.849,7780.2,1344.5,27.557
855.0,91.007,37.768,F,0.19559,2.7114,4.4136,0.87695,0.19676,104.8,104.8,32.353,5689.4,983.4,27.521
856.0,90.704,44.865,M,0.28479,3.9472,4.4064,0.87526,0.19990,71.136,71.136,21.030,4029.9,689.6,22.319
857.0,64.675,52.780,F,0.14507,2.4648,3.7309,0.71983,0.12136,123.9,123.9,44.868,7444.3,1296.2,31.867
858.0,66.042,46.627,F,0.38483,2.5421,3.7695,0.72859,0.13655,89.528,89.528,11.260,3091.4,519.0,13.761
859.0,63.657,27.337,M,0.20529,3.5899,3.7019,0.71327,0.24870,85.590,85.590,30.919,5448.9,940.6,26.577
860.0,59.977,42.728,M,0.14854,2.0557,3.5950,0.68913,0.16409,138.2,138.2,42.807,7432.6,1287.4,28.780
861.0,85.651,46.899,F,0.16132,2.4156,4.2838,0.84674,0.15790,121.0,121.0,40.119,6731.6,1170.7,31.122
862.0,89.659,43.827,F,0.14752,2.7783,4.3813,0.86942,0.17179,114.2,114.2,44.699,7107.4,1244.6,35.861
863.0,75.586,42.319,F,0.22407,3.1958,4.0283,0.78771,0.16037,89.179,89.179,27.465,5060.7,869.8,24.459
864.0,90.628,32.908,F,0.18024,2.6460,4.4046,0.87484,0.22078,109.6,109.6,35.613,6096.8,1057.4,29.396
865.0,61.789,33.897,F,0.26014,2.6793,3.6480,0.70109,0.17252,95.207,95.207,21.107,4485.9,761.8,19.119
866.0,92.726,35.434,M,0.19233,3.2909,4.4544,0.88649,0.24768,93.052,93.052,33.714,5685.5,987.3,30.020
867.0,64.113,43.405,F,0.22976,2.6794,3.7149,0.71622,0.14269,99.265,99.265,25.345,5019.1,857.1,21.537
868.0,58.117,43.819,M,0.17087,3.3330,3.5397,0.67670,0.15770,96.539,96.539,38.066,6404.1,1112.0,29.863
869.0,60.278,37.649,F,0.22733,2.1117,3.6038,0.69113,0.15548,118.3,118.3,24.399,5117.1,870.3,19.870
870.0,75.073,34.466,M,0.16152,3.8100,4.0148,0.78462,0.22446,91.566,91.566,41.172,6501.2,1138.5,35.492
871.0,103.5,46.205,M,0.12781,2.8024,4.7012,0.94444,0.21035,119.5,119.5,51.513,7770.2,1371.2,42.923
872.0,97.200,41.191,F,0.13211,2.8777,4.5589,0.91096,0.18979,116.3,116.3,49.986,7616.9,1342.0,41.217
873.0,84.458,38.678,F,0.060421,2.8863,4.2544,0.83990,0.18465,150.6,150.6,90.905,12065.3,2169.2,84.045
874.0,117.7,44.965,M,0.21663,3.1301,5.0084,1.0174,0.23192,92.147,92.147,29.473,5111.1,884.7,28.243
875.0,67.222,39.923,F,0.29896,3.0809,3.8025,0.73609,0.15751,82.424,82.424,17.929,3919.9,664.3,18.129
876.0,67.679,46.925,F,0.22381,3.4552,3.8151,0.73898,0.13774,84.679,84.679,27.635,5063.1,870.4,24.534
877.0,112.8,40.040,M,0.31341,3.5282,4.9060,0.99297,0.24993,74.579,74.579,18.407,3692.7,629.6,20.793
878.0,85.339,35.987,M,0.43563,3.9828,4.2762,0.84495,0.23297,61.044,61.044,11.063,2719.0,457.9,15.185
879.0,90.727,41.266,F,0.21619,3.5198,4.4069,0.87539,0.18210,85.227,85.227,29.498,5145.6,889.7,27.471
880.0,99.508,29.168,M,0.16452,4.3675,4.6118,0.92340,0.30463,83.969,83.969,40.546,6179.1,1087.6,39.688
881.0,92.651,38.864,M,0.21996,4.7760,4.4526,0.88607,0.22877,70.577,70.577,29.947,4936.3,858.8,30.866
882.0,99.872,42.683,F,0.19478,3.1606,4.6201,0.92535,0.18702,95.049,95.049,33.199,5621.8,975.9,29.845
883.0,83.115,49.063,M,0.13268,3.8765,4.2209,0.83215,0.17608,98.195,98.195,49.883,7397.9,1307.7,44.209
884.0,113.0,45.706,M,0.21623,3.9572,4.9104,0.99402,0.22346,79.431,79.431,30.176,5040.9,876.1,30.422
885.0,83.253,42.610,F,0.14025,2.4789,4.2244,0.83295,0.16859,125.0,125.0,46.874,7502.7,1312.9,35.429
886.0,40.887,46.883,F,0.14469,1.6992,2.9773,0.55223,0.10301,158.2,158.2,42.023,7823.7,1345.1,24.919
887.0,64.417,35.229,F,0.22202,3.1726,3.7236,0.71818,0.17100,89.649,89.649,27.413,5132.7,880.6,23.616
888.0,79.862,34.600,M,0.58935,4.4924,4.1388,0.81317,0.23186,51.151,51.151,6.7948,2025.3,339.2,12.144
889.0,59.539,41.792,F,0.089826,2.2516,3.5820,0.68622,0.14121,156.1,156.1,72.472,10686.3,1892.6,47.305
890.0,115.8,46.904,M,0.30384,5.3397,4.9689,1.0079,0.22163,57.599,57.599,20.778,3709.8,639.0,25.288
891.0,102.3,33.836,M,0.24954,3.6452,4.6747,0.93820,0.27266,78.988,78.988,24.949,4523.8,778.7,25.175
892.0,76.731,47.132,F,0.12815,3.0955,4.0582,0.79459,0.14755,113.1,113.1,51.693,7874.8,1387.1,40.780
893.0,76.094,30.100,F,0.37787,3.2305,4.0416,0.79077,0.21536,74.415,74.415,12.821,3131.6,527.7,15.530
894.0,93.853,39.090,F,0.18576,3.3901,4.4810,0.89270,0.19449,92.611,92.611,35.201,5827.1,1014.3,31.451
895.0,82.946,39.931,M,0.35430,5.5929,4.2167,0.83117,0.20970,52.116,52.116,16.706,3262.4,556.7,20.864
896.0,84.677,38.567,M,0.15498,3.7041,4.2598,0.84116,0.21861,94.555,94.555,42.931,6670.3,1171.0,37.582
897.0,66.400,45.099,M,0.072086,3.0595,3.7795,0.73088,0.16619,140.8,140.8,83.168,11353.0,2032.8,67.790
898.0,48.455,42.915,F,0.13902,2.6887,3.2368,0.60919,0.12255,119.3,119.3,46.993,7776.0,1353.9,31.669
899.0,75.119,44.819,F,0.21488,1.7446,4.0160,0.78489,0.15215,139.9,139.9,26.434,5380.1,917.6,21.187
900.0,102.9,45.029,M,0.094622,3.5038,4.6885,0.94146,0.21436,116.5,116.5,65.210,9031.8,1613.7,62.036
901.0,105.0,38.081,M,0.30328,4.2624,4.7345,0.95231,0.25019,66.235,66.235,19.850,3779.7,647.1,22.517
902.0,93.671,42.866,M,0.37553,3.6355,4.4767,0.89169,0.21174,68.525,68.525,13.836,3133.5,529.8,17.087
903.0,77.697,36.455,M,0.10642,4.5771,4.0833,0.80035,0.21825,98.124,98.124,59.369,8259.3,1473.8,58.133
904.0,86.828,37.091,M,0.20795,3.0595,4.3127,0.85344,0.22932,94.574,94.574,30.326,5376.8,928.2,26.740
905.0,93.678,44.219,M,0.32088,3.0023,4.4769,0.89173,0.20621,82.928,82.928,16.782,3648.0,618.6,18.410
906.0,101.8,37.236,F,0.23267,3.6440,4.6647,0.93586,0.21253,81.147,81.147,27.245,4801.8,829.2,26.808
907.0,59.861,41.722,M,0.095186,2.1211,3.5916,0.68837,0.16728,158.5,158.5,68.839,10356.7,1829.0,43.945
908.0,109.1,40.595,F,0.21795,2.6307,4.8261,0.97399,0.20546,103.4,103.4,28.544,5155.2,888.6,26.046
909.0,100.1,41.457,F,0.17106,3.7360,4.6245,0.92637,0.19194,90.291,90.291,38.801,6123.0,1072.6,35.877
910.0,97.063,38.772,M,0.13192,4.1366,4.5557,0.91022,0.23549,94.590,94.590,49.760,7245.8,1284.4,47.557
911.0,74.979,44.433,M,0.14439,3.3481,4.0124,0.78405,0.18056,103.2,103.2,45.996,7173.7,1258.9,37.354
912.0,106.0,41.401,M,0.19749,4.2548,4.7573,0.95770,0.23427,78.949,78.949,33.546,5394.9,942.2,33.541
913.0,86.186,35.881,M,0.17576,4.1238,4.2970,0.84979,0.23489,84.449,84.449,37.851,5991.7,1048.7,35.089
914.0,61.614,34.481,F,0.17756,2.9583,3.6429,0.69995,0.16974,102.2,102.2,35.950,6249.2,1081.2,27.883
915.0,73.009,39.292,F,0.13763,3.1990,3.9601,0.77207,0.16747,108.0,108.0,48.228,7484.2,1314.5,38.109
916.0,69.034,30.768,M,0.29304,2.9447,3.8525,0.74749,0.23561,85.805,85.805,18.339,3996.5,677.5,18.290
917.0,58.355,37.498,F,0.19299,2.8523,3.5468,0.67830,0.15312,101.2,101.2,32.108,5852.4,1007.1,25.130
918.0,58.914,39.813,M,0.23000,2.1811,3.5635,0.68205,0.17251,115.0,115.0,24.061,5060.8,860.5,19.727
919.0,44.485,43.305,F,0.12432,2.4748,3.1035,0.57982,0.11574,131.1,131.1,52.784,8596.4,1500.2,33.274
920.0,69.769,40.688,F,0.094868,3.5294,3.8727,0.75208,0.15834,118.2,118.2,66.978,9431.1,1680.5,56.009
921.0,66.487,38.298,F,0.26511,2.6245,3.7819,0.73143,0.16216,96.277,96.277,20.632,4403.6,747.7,19.043
922.0,61.409,39.103,M,0.26811,3.0042,3.6370,0.69860,0.17943,86.795,86.795,20.716,4347.8,738.8,19.328
923.0,76.753,38.860,M,0.40574,3.4417,4.0588,0.79472,0.20521,69.486,69.486,11.653,2921.6,491.7,14.962
924.0,58.448,37.283,M,0.16706,2.6106,3.5496,0.67892,0.18162,113.2,113.2,38.030,6649.0,1149.9,27.770
925.0,71.757,42.420,F,0.12331,3.1908,3.9266,0.76439,0.15530,113.0,113.0,53.699,8101.3,1428.9,42.049
926.0,83.076,37.765,F,0.15999,3.2008,4.2200,0.83193,0.18666,101.7,101.7,41.243,6629.8,1158.7,34.242
927.0,68.456,39.660,M,0.14534,3.6654,3.8366,0.74387,0.18876,97.882,97.882,45.834,7105.1,1247.6,37.694
928.0,68.609,38.624,F,0.20347,2.7808,3.8409,0.74483,0.16394,101.2,101.2,30.240,5564.2,956.8,24.764
929.0,57.815,41.485,M,0.34802,2.6282,3.5306,0.67466,0.16475,88.851,88.851,13.132,3410.5,573.5,14.593
930.0,74.165,39.080,F,0.10813,2.6617,3.9909,0.77912,0.16978,131.7,131.7,60.699,9046.0,1599.1,44.845
931.0,104.1,34.880,M,0.18139,3.9699,4.7162,0.94800,0.26845,85.104,85.104,36.596,5804.9,1016.0,35.153
932.0,50.265,45.010,F,0.15766,2.9217,3.2957,0.62224,0.12018,107.8,107.8,41.011,6965.2,1208.3,29.402
933.0,75.314,32.157,M,0.25875,3.5622,4.0212,0.78607,0.23860,78.627,78.627,23.102,4435.4,759.0,22.346
934.0,67.538,41.242,F,0.36604,3.1036,3.8112,0.73809,0.15361,77.194,77.194,13.072,3235.3,544.9,15.298
935.0,49.400,41.835,F,0.12085,2.6577,3.2677,0.61603,0.12665,127.1,127.1,54.722,8656.9,1516.6,36.111
936.0,79.323,41.339,M,0.25000,2.4634,4.1251,0.80999,0.19839,103.2,103.2,22.714,4635.1,789.8,20.628
937.0,78.071,37.542,M,0.20559,3.2057,4.0929,0.80258,0.21344,92.028,92.028,30.738,5438.6,938.9,26.712
938.0,65.748,35.140,M,0.19039,3.7212,3.7612,0.72672,0.20449,86.525,86.525,34.096,5774.3,1001.6,29.162
939.0,55.697,37.401,M,0.12725,2.3510,3.4664,0.66027,0.17616,134.0,134.0,51.527,8359.5,1460.0,33.955
940.0,91.284,42.860,F,0.13392,4.0161,4.4202,0.87849,0.17692,95.730,95.730,49.273,7251.1,1283.2,45.562
941.0,68.630,38.924,M,0.17060,4.0244,3.8414,0.74496,0.19209,86.784,86.784,38.932,6231.6,1088.9,33.804
942.0,86.742,37.170,M,0.19136,2.7061,4.3106,0.85295,0.22877,105.7,105.7,33.121,5808.8,1004.4,27.678
943.0,50.521,37.770,M,0.13116,3.5066,3.3040,0.62407,0.16511,105.1,105.1,50.850,7861.7,1380.8,37.866
944.0,56.916,32.459,M,0.10752,3.3395,3.5035,0.66858,0.20132,116.9,116.9,61.235,8999.0,1593.1,46.049
945.0,55.783,41.551,M,0.15073,3.8831,3.4690,0.66086,0.16116,93.523,93.523,44.253,6956.8,1218.6,35.624
946.0,79.535,39.003,M,0.20828,4.3287,4.1305,0.81124,0.20882,76.374,76.374,31.428,5246.7,911.5,29.986
947.0,96.666,33.020,M,0.35070,4.0420,4.5466,0.90806,0.26946,64.962,64.962,15.838,3328.1,565.2,18.985
948.0,67.483,36.640,F,0.12941,3.3119,3.8097,0.73774,0.16986,108.7,108.7,51.334,7833.6,1379.1,40.144
949.0,67.784,50.167,F,0.079052,2.4860,3.8181,0.73964,0.13022,153.2,153.2,79.429,11208.9,1997.9,57.497
950.0,115.6,35.681,F,0.18636,3.6383,4.9655,1.0071,0.23720,88.628,88.628,35.434,5698.6,995.8,34.061
951.0,80.064,31.443,F,0.24153,3.3787,4.1440,0.81436,0.21367,83.669,83.669,25.231,4716.4,809.3,23.671
952.0,64.970,39.446,M,0.15111,3.2092,3.7392,0.72173,0.18400,103.9,103.9,43.705,7035.3,1229.1,33.904
953.0,66.238,40.400,M,0.13685,3.9071,3.7750,0.72984,0.18230,96.988,96.988,48.712,7367.2,1298.1,40.755
954.0,80.128,41.852,F,0.11924,3.1740,4.1456,0.81474,0.16745,114.5,114.5,55.240,8212.0,1451.7,44.617
955.0,111.4,41.760,F,0.13662,3.4642,4.8747,0.98554,0.20294,102.7,102.7,48.242,7180.9,1269.2,44.380
956.0,69.823,42.124,M,0.21592,2.8302,3.8741,0.75242,0.18136,97.873,97.873,28.089,5275.8,905.2,23.724
957.0,52.702,42.297,M,0.23015,2.7049,3.3734,0.63951,0.15360,98.096,98.096,24.789,5036.7,858.1,20.511
958.0,109.4,40.465,F,0.23907,2.4551,4.8313,0.97524,0.20629,105.6,105.6,25.089,4772.6,818.3,23.521
959.0,59.109,41.374,F,0.12993,2.7239,3.5693,0.68335,0.14183,121.6,121.6,50.838,8076.1,1414.1,35.720
960.0,35.700,34.508,M,0.20275,1.5607,2.7851,0.51059,0.14591,152.4,152.4,25.099,5798.8,980.8,17.484
961.0,96.557,36.945,M,0.31505,3.3426,4.5440,0.90747,0.24466,77.098,77.098,17.730,3696.7,628.5,19.514
962.0,153.4,40.304,M,0.10635,5.4857,5.7055,1.1857,0.29677,85.668,85.668,54.600,7300.4,1310.5,74.681
963.0,65.538,41.431,F,0.19139,2.5387,3.7553,0.72537,0.15037,109.8,109.8,32.184,5905.6,1016.0,25.067
964.0,54.295,40.984,M,0.16225,3.3946,3.4232,0.65061,0.16053,97.610,97.610,40.404,6686.7,1163.4,31.072
965.0,69.372,33.620,M,0.14342,2.7957,3.8618,0.74961,0.21904,115.1,115.1,45.910,7392.5,1292.0,34.341
966.0,75.229,36.748,F,0.10116,3.3807,4.0189,0.78556,0.18042,117.8,117.8,63.601,9080.3,1614.8,52.690
967.0,82.171,53.816,M,0.14363,3.1183,4.1973,0.82668,0.16164,107.7,107.7,46.136,7211.4,1265.5,37.408
968.0,71.804,36.537,F,0.13775,4.5988,3.9278,0.76469,0.17649,88.546,88.546,48.218,7095.2,1255.0,44.618
969.0,67.254,38.228,F,0.061847,2.5357,3.8033,0.73629,0.16350,163.6,163.6,94.009,12728.3,2282.3,73.235
970.0,71.534,36.884,M,0.33576,2.6637,3.9206,0.76302,0.20600,89.200,89.200,14.542,3520.3,593.6,15.924
971.0,102.0,42.454,M,0.27902,4.5843,4.6689,0.93684,0.22431,65.358,65.358,22.411,4051.6,697.1,24.859
972.0,87.266,36.518,M,0.30814,3.9558,4.3234,0.85593,0.23306,68.895,68.895,18.787,3758.3,640.7,20.614
973.0,51.161,40.254,M,0.17874,1.7619,3.3245,0.62863,0.15751,144.9,144.9,32.567,6430.8,1099.5,22.266
974.0,117.8,41.653,F,0.13482,3.1336,5.0106,1.0179,0.21006,109.3,109.3,48.815,7299.8,1289.6,44.037
975.0,80.517,36.414,F,0.27256,3.1685,4.1555,0.81702,0.18911,83.685,83.685,21.129,4246.6,724.0,20.784
976.0,99.018,44.545,M,0.22286,3.2869,4.6007,0.92077,0.21159,88.120,88.120,28.315,5018.9,866.3,26.668
977.0,87.098,35.528,F,0.16179,3.0088,4.3193,0.85497,0.20210,105.1,105.1,40.629,6591.2,1150.7,33.551
978.0,63.192,35.750,F,0.15972,2.6554,3.6885,0.71025,0.16700,114.0,114.0,40.375,6862.5,1190.9,29.736
979.0,117.3,35.940,F,0.16823,3.8815,5.0016,1.0158,0.23776,88.766,88.766,39.520,6097.9,1071.7,38.599
980.0,121.3,38.295,M,0.17799,5.7212,5.0843,1.0355,0.27075,69.980,69.980,37.433,5527.4,977.0,43.749
981.0,106.0,34.526,F,0.19860,4.3694,4.7569,0.95762,0.23197,77.570,77.570,33.400,5356.4,935.8,33.740
982.0,124.6,43.632,F,0.25527,3.3307,5.1514,1.0516,0.20857,83.466,83.466,24.289,4422.6,761.2,25.209
983.0,75.239,38.209,M,0.22415,2.8865,4.0192,0.78562,0.20580,95.430,95.430,26.991,5087.0,872.5,23.557
984.0,62.661,38.452,F,0.24330,2.1727,3.6732,0.70679,0.15616,113.7,113.7,22.330,4798.4,814.7,19.089
985.0,102.1,31.488,F,0.27101,2.6491,4.6715,0.93745,0.24566,95.976,95.976,21.191,4266.2,727.7,21.067
986.0,54.146,39.459,F,0.047322,2.2194,3.4186,0.64958,0.14039,193.2,193.2,115.4,15337.3,2757.4,84.832
987.0,75.561,41.971,F,0.071317,2.8454,4.0276,0.78756,0.16147,145.8,145.8,83.460,11386.7,2039.3,68.923
988.0,52.993,33.836,M,0.14874,3.9750,3.3825,0.64154,0.18645,92.937,92.937,44.919,7025.4,1231.4,36.064
989.0,107.0,37.412,F,0.19207,4.1071,4.7793,0.96292,0.21780,81.510,81.510,34.501,5528.5,966.2,34.011
990.0,42.488,41.746,M,0.17640,3.2109,3.0341,0.56463,0.13714,97.058,97.058,35.951,6345.1,1095.2,26.491
991.0,62.908,39.836,M,0.23440,3.5339,3.6804,0.70841,0.17909,81.844,81.844,25.966,4868.8,834.9,23.321
992.0,80.181,34.764,M,0.17521,4.0899,4.1470,0.81504,0.23146,84.982,84.982,37.935,6038.8,1056.1,34.456
993.0,110.8,42.553,M,0.22423,3.2486,4.8613,0.98235,0.23474,88.737,88.737,28.267,4970.4,858.8,27.235
994.0,58.157,38.854,M,0.071180,2.7258,3.5409,0.67697,0.17483,151.8,151.8,86.114,11913.8,2129.3,63.126
995.0,72.148,42.983,M,0.12046,3.6689,3.9371,0.76680,0.18166,105.5,105.5,54.739,8054.9,1425.6,45.682
996.0,87.127,39.974,M,0.085399,2.7202,4.3200,0.85514,0.21555,140.2,140.2,72.954,10227.7,1824.7,59.341
997.0,123.2,42.698,F,0.29835,3.8921,5.1233,1.0448,0.21110,71.024,71.024,20.245,3832.5,656.7,23.008
998.0,66.550,43.409,F,0.46825,2.3332,3.7837,0.73182,0.14579,92.970,92.970,7.7269,2552.3,427.0,11.569
999.0,86.182,41.036,F,0.13898,3.7825,4.2969,0.84977,0.17761,97.628,97.628,47.757,7173.8,1265.7,42.234
1000.0,73.581,39.625,M,0.21341,3.9621,3.9754,0.77556,0.19696,79.517,79.517,30.112,5203.0,900.1,27.682